id,timestamp,event_type,description,balance_before,balance_after,stake,status,updated_at,last_updated
21452d30-7418-482c-a538-94042195f438,2026-02-17T00:02:10+00:00,CYCLE_START,Cycle #1 initiated.,,,,success,2026-02-17T02:52:54.74047+00:00,1970-01-01T00:00:00+00:00
2cbd0582-217b-476d-9c12-727ee5fb28a1,2026-02-16T22:27:57+00:00,CYCLE_START,Cycle #1 initiated.,,,,success,2026-02-17T02:52:54.74047+00:00,1970-01-01T00:00:00+00:00
2be062eb-2fda-40b3-b8b4-19543037e6c4,2026-02-17T00:18:48+00:00,CYCLE_START,Cycle #1 initiated.,,,,success,2026-02-17T02:52:54.74047+00:00,1970-01-01T00:00:00+00:00
af894938-9e3e-4f2d-8813-68a1e4cc59a7,2026-02-17T00:23:27+00:00,PROLOGUE_P1,"Failed: {'message': 'invalid input syntax for type uuid: ""success""', 'code': '22P02', 'hint': None, 'details': None}",,,,failed,2026-02-17T02:52:54.74047+00:00,1970-01-01T00:00:00+00:00
8c7d79c2-8912-4388-85e8-7e2784c42b06,2026-02-17T00:27:25+00:00,PROLOGUE_P2,"Failed: {'message': 'invalid input syntax for type uuid: ""failed""', 'code': '22P02', 'hint': None, 'details': None}",,,,failed,2026-02-17T02:52:54.74047+00:00,1970-01-01T00:00:00+00:00
c975d376-c83a-4b41-bdd3-df9a6ac3235b,2026-02-17T00:31:22+00:00,SYSTEM_SYNC,"Full Chapter Sync (Prologue Final): 10 passed, 1 failed. Errors: audit_log: {'message': 'invalid input syntax for type uuid: ""failed""', 'code': '22P02', 'hint': None, 'details': None}",,,,partial_failure,2026-02-17T02:52:54.74047+00:00,1970-01-01T00:00:00+00:00
92105c62-af0b-4578-8a9e-2788ce00e64c,2026-02-17T00:31:22+00:00,PROLOGUE_P3,Accuracy generated and Prologue sync completed.,,,,success,2026-02-17T02:52:54.74047+00:00,1970-01-01T00:00:00+00:00
a3c88fdb-cec2-4c88-9133-82d8c830f7ea,2026-02-17T00:35:56+00:00,CH1_P1,Flashscore extraction and analysis completed.,,,,success,2026-02-17T02:52:54.74047+00:00,1970-01-01T00:00:00+00:00
c1e66e26-d359-45d3-8910-58460cdafb39,2026-02-17T00:37:32+00:00,CH1_P2,Odds harvesting and URL resolution completed.,,,,success,2026-02-17T02:52:54.74047+00:00,1970-01-01T00:00:00+00:00
3737dc00-1d3d-4dac-aa5c-f4be5ff36982,2026-02-17T00:41:15+00:00,SYSTEM_SYNC,"Full Chapter Sync (Chapter 1 Final): 10 passed, 1 failed. Errors: audit_log: {'message': 'invalid input syntax for type uuid: ""failed""', 'code': '22P02', 'hint': None, 'details': None}",,,,partial_failure,2026-02-17T02:52:54.74047+00:00,1970-01-01T00:00:00+00:00
845f4a71-c005-4fc1-9039-77ef80dcc941,2026-02-17T00:41:15+00:00,CH1_P3_SYNC,Sync parity issues detected.,,,,partial_failure,2026-02-17T02:52:54.74047+00:00,1970-01-01T00:00:00+00:00
50c5bbd7-e7dd-4475-83cc-da508ac3901b,2026-02-17T00:41:20+00:00,CH1_P3,Final sync and recommendations completed.,,,,success,2026-02-17T02:52:54.74047+00:00,1970-01-01T00:00:00+00:00
6f393611-8518-4eb2-9ae9-608000fb8701,2026-02-17T00:41:43+00:00,CH2_P2,Withdrawal check completed. Balance: 0.0,,,,success,2026-02-17T02:52:54.74047+00:00,1970-01-01T00:00:00+00:00
befe5df3-1281-471b-9171-8f708889c481,2026-02-17T00:41:44+00:00,OVERSIGHT_REPORT,"═══ Chief Engineer Oversight Report ═══
Cycle Count: #1
Uptime: 0:22:55.829833
Current Balance: ₦0.00
Booked: 0
Failed: 0

Health Check:
⚠️ Account balance is zero or unknown.
⚠️ Low prediction volume today: 0 (expected ≥5).",,,,success,2026-02-17T02:52:54.74047+00:00,1970-01-01T00:00:00+00:00
1344e6d4-702b-44eb-93b9-e18f027ed9f1,2026-02-17T00:41:44+00:00,CH3,Chief Engineer oversight completed.,,,,success,2026-02-17T02:52:54.74047+00:00,1970-01-01T00:00:00+00:00
b0c24aef-e1d7-4823-99df-d836838665e0,2026-02-17T00:41:44+00:00,CYCLE_COMPLETE,Cycle #1 finished.,,,,success,2026-02-17T02:52:54.74047+00:00,1970-01-01T00:00:00+00:00
54898b3b-f3b4-4383-9bac-68d69e5e2dc8,2026-02-17T03:48:09+00:00,CYCLE_START,Cycle #1 initiated.,,,,success,2026-02-17T02:52:54.74047+00:00,1970-01-01T00:00:00+00:00
a9901405-06de-496f-811d-86db5a6e6641,2026-02-17T03:02:10+00:00,CYCLE_START,Cycle #1 initiated.,,,,success,2026-02-17T03:03:37.793657+00:00,1970-01-01T00:00:00+00:00
60031fe0-841c-4b8c-9264-2bc0812afe5b,2026-02-17T03:24:41+00:00,CYCLE_START,Cycle #1 initiated.,,,,success,2026-02-17T03:26:07.249479+00:00,1970-01-01T00:00:00+00:00
82755d4f-876b-463f-b6a1-2ca503da95f9,2026-02-17T17:24:58+00:00,PROLOGUE_P1,Cloud handshake and prediction review completed.,,,,success,2026-02-17T17:26:30.283076+00:00,1970-01-01T00:00:00+00:00
7a61a763-2e5a-47fc-94f1-bda26691469a,2026-02-17T19:30:46+00:00,SYSTEM_SYNC,"Full Chapter Sync (Periodic): 11 passed, 0 failed.",,,,success,2026-02-17T19:34:57.799352+00:00,1970-01-01T00:00:00+00:00
4c82b5af-6c5e-4db1-b533-120bc19e9c77,2026-02-17T19:33:27+00:00,CYCLE_START,Cycle #1 initiated.,,,,success,2026-02-17T19:34:57.799352+00:00,1970-01-01T00:00:00+00:00
783d6bc3-9b8b-47d5-a345-48cb7238e84f,2026-02-17T19:41:55+00:00,PROLOGUE_P1,Cloud handshake and prediction review completed.,,,,success,2026-02-17T19:43:25.77277+00:00,1970-01-01T00:00:00+00:00
91aa4ae1-bfd1-481a-aaf1-0fdbcfa4c5f9,2026-02-17T19:58:47+00:00,PROLOGUE_P1,Cloud handshake and prediction review completed.,,,,success,2026-02-17T20:02:39.431968+00:00,1970-01-01T00:00:00+00:00
c8c92029-66a4-4f2f-aa27-637bd57d5ce6,2026-02-17T19:58:47+00:00,PROLOGUE_P2,Metadata enrichment completed.,,,,success,2026-02-17T20:02:39.431968+00:00,1970-01-01T00:00:00+00:00
4fdc7b0a-04c4-4bc4-b8f2-7bd53c45ab8b,2026-02-17T19:58:52+00:00,PROLOGUE_P3,Accuracy generated and Prologue sync completed.,,,,success,2026-02-17T20:02:39.431968+00:00,1970-01-01T00:00:00+00:00
90689637-45f3-4354-9f8f-9b1e26c5c8c5,2026-02-17T20:01:07+00:00,CH1_P2,Odds harvesting and URL resolution completed.,,,,success,2026-02-17T20:02:39.431968+00:00,1970-01-01T00:00:00+00:00
1fe5f624-368c-48f7-912f-512857a3fcb1,2026-02-17T20:02:39+00:00,SYSTEM_SYNC,"Full Chapter Sync (Chapter 1 Final): 11 passed, 0 failed.",,,,success,2026-02-18T04:39:53.458559+00:00,1970-01-01T00:00:00+00:00
3c673fc1-0f07-4fc2-9c0d-b65559fb246c,2026-02-17T20:02:40+00:00,CH2_P1,Automated booking phase completed.,,,,success,2026-02-18T04:39:53.458559+00:00,1970-01-01T00:00:00+00:00
4e448331-c513-43db-b060-c156378a385e,2026-02-17T20:02:58+00:00,CH2_P2,Withdrawal check completed. Balance: 0.0,,,,success,2026-02-18T04:39:53.458559+00:00,1970-01-01T00:00:00+00:00
59806b0d-8f69-47bf-830d-99df0dd786a6,2026-02-17T20:02:58+00:00,OVERSIGHT_REPORT,"═══ Chief Engineer Oversight Report ═══
Cycle Count: #1
Uptime: 0:13:51.901660
Current Balance: ₦0.00
Booked: 0
Failed: 0

Health Check:
⚠️ Account balance is zero or unknown.
⚠️ Low prediction volume today: 0 (expected ≥5).",,,,success,2026-02-18T04:39:53.458559+00:00,1970-01-01T00:00:00+00:00
36e485db-9d01-43c7-8df9-da8cd7754f24,2026-02-17T20:02:58+00:00,CH3,Chief Engineer oversight completed.,,,,success,2026-02-18T04:39:53.458559+00:00,1970-01-01T00:00:00+00:00
862fd140-84a2-4679-9fd6-75808b4039dc,2026-02-18T04:38:23+00:00,CYCLE_START,Cycle #1 initiated.,,,,success,2026-02-18T04:39:53.458559+00:00,1970-01-01T00:00:00+00:00
8d28fcec-3502-43cd-92f7-d5f8bb2c98b9,2026-02-18T04:47:37+00:00,PROLOGUE_P1,Cloud handshake and prediction review completed.,,,,success,2026-02-18T04:51:54.919082+00:00,1970-01-01T00:00:00+00:00
1a519bf7-6c6f-4334-b83e-e721d335895a,2026-02-18T04:47:37+00:00,PROLOGUE_P2,Metadata enrichment completed.,,,,success,2026-02-18T04:51:54.919082+00:00,1970-01-01T00:00:00+00:00
c385460f-7196-44dc-ae04-f54b867fd6b8,2026-02-18T04:47:42+00:00,PROLOGUE_P3,Accuracy generated and Prologue sync completed.,,,,success,2026-02-18T04:51:54.919082+00:00,1970-01-01T00:00:00+00:00
3ac7a5fc-9e7f-40ba-a224-9e1758d98c87,2026-02-18T04:49:09+00:00,CH1_P1,Flashscore extraction and analysis completed.,,,,success,2026-02-18T04:51:54.919082+00:00,1970-01-01T00:00:00+00:00
bfb9a31f-a657-45c3-b214-73181b46a6ff,2026-02-18T04:50:27+00:00,CH1_P2,Odds harvesting and URL resolution completed.,,,,success,2026-02-18T04:51:54.919082+00:00,1970-01-01T00:00:00+00:00
b9f49ae3-b137-4f7d-b08e-1e6e8d1c6a87,2026-02-18T04:51:54+00:00,SYSTEM_SYNC,"Full Chapter Sync (Chapter 1 Final): 11 passed, 0 failed.",,,,success,2026-02-18T05:07:23.35608+00:00,1970-01-01T00:00:00+00:00
7fe876a5-fcef-47d1-b9f2-d66efc240291,2026-02-18T04:51:55+00:00,CH1_P3,Final sync and recommendations completed.,,,,success,2026-02-18T05:07:23.35608+00:00,1970-01-01T00:00:00+00:00
5a9e8fd4-40e4-4274-bffb-bf291c57ff08,2026-02-18T04:51:55+00:00,CH2_P1,Automated booking phase completed.,,,,success,2026-02-18T05:07:23.35608+00:00,1970-01-01T00:00:00+00:00
4574f8ed-697b-4078-b540-12becc3d7499,2026-02-18T04:52:13+00:00,CH2_P2,Withdrawal check completed. Balance: 0.0,,,,success,2026-02-18T05:07:23.35608+00:00,1970-01-01T00:00:00+00:00
1272f875-060d-4bde-b531-a1756b2212cd,2026-02-18T04:52:13+00:00,OVERSIGHT_REPORT,"═══ Chief Engineer Oversight Report ═══
Cycle Count: #1
Uptime: 0:13:50.017516
Current Balance: ₦0.00
Booked: 0
Failed: 0

Health Check:
⚠️ Account balance is zero or unknown.
⚠️ Low prediction volume today: 0 (expected ≥5).",,,,success,2026-02-18T05:07:23.35608+00:00,1970-01-01T00:00:00+00:00
4e41da24-78ac-4de3-a9d1-18da3278dd35,2026-02-18T04:52:13+00:00,CH3,Chief Engineer oversight completed.,,,,success,2026-02-18T05:07:23.35608+00:00,1970-01-01T00:00:00+00:00
6a0cff99-bfb0-470d-b377-d60147f78eee,2026-02-18T04:52:13+00:00,CYCLE_COMPLETE,Cycle #1 finished.,,,,success,2026-02-18T05:07:23.35608+00:00,1970-01-01T00:00:00+00:00
864aa5f8-167d-4925-8f7d-44589a6e4e4e,2026-02-18T05:12:30+00:00,PROLOGUE_P1,Cloud handshake and prediction review completed.,,,,success,2026-02-18T05:13:55.260681+00:00,1970-01-01T00:00:00+00:00
39888c75-b66d-4e05-9278-e84044a87c80,2026-02-18T06:12:27+00:00,SYSTEM_SYNC,"Full Chapter Sync (Periodic): 11 passed, 0 failed.",,,,success,2026-02-18T06:25:58.886657+00:00,1970-01-01T00:00:00+00:00
7f90d412-3025-429a-935a-8e261f572a32,2026-02-18T06:24:32+00:00,CYCLE_START,Cycle #1 initiated.,,,,success,2026-02-18T06:25:58.886657+00:00,1970-01-01T00:00:00+00:00
71a2cba7-ed8a-4a26-9fbb-af8945ef26bf,2026-02-18T06:31:08+00:00,PROLOGUE_P1,Cloud handshake and prediction review completed.,,,,success,2026-02-18T06:32:34.576118+00:00,1970-01-01T00:00:00+00:00
2b6bbf81-ac58-448e-a3de-3fe614420e43,2026-02-18T07:57:30+00:00,SYSTEM_SYNC,"Full Chapter Sync (Periodic): 11 passed, 0 failed.",,,,success,2026-02-18T07:59:59.342314+00:00,1970-01-01T00:00:00+00:00
b151ab61-1aad-4bc6-8e8c-8ec95c3c3c42,2026-02-18T07:58:35+00:00,CYCLE_START,Cycle #1 initiated.,,,,success,2026-02-18T07:59:59.342314+00:00,1970-01-01T00:00:00+00:00
649685c4-06d9-4691-b386-1c3eaea6f4a2,2026-02-18T08:05:07+00:00,PROLOGUE_P1,Cloud handshake and prediction review completed.,,,,success,2026-02-18T08:06:34.272058+00:00,1970-01-01T00:00:00+00:00
a4f11dad-4611-4ae4-a5f3-caf5146cbd54,2026-02-18T08:10:29+00:00,SYSTEM_SYNC,"Full Chapter Sync (Periodic): 11 passed, 0 failed.",,,,success,2026-02-18T08:12:26.781444+00:00,1970-01-01T00:00:00+00:00
4a806500-ee16-4efc-970d-ace3c19092dd,2026-02-18T08:10:57+00:00,PROLOGUE_P2,Failed: Browser.close: Connection closed while reading from the driver,,,,failed,2026-02-18T08:12:26.781444+00:00,1970-01-01T00:00:00+00:00
6052fef6-8a77-4681-9654-48d9e59367d1,2026-02-18T08:12:26+00:00,SYSTEM_SYNC,"Full Chapter Sync (Prologue Final): 11 passed, 0 failed.",,,,success,2026-02-18T08:16:36.983565+00:00,1970-01-01T00:00:00+00:00
b4e58d15-229b-4f6a-b837-109ffbda2de8,2026-02-18T08:12:26+00:00,PROLOGUE_P3,Accuracy generated and Prologue sync completed.,,,,success,2026-02-18T08:16:36.983565+00:00,1970-01-01T00:00:00+00:00
2d85b007-0112-48f2-bdab-d4afad287a1d,2026-02-18T08:16:36+00:00,SYSTEM_SYNC,"Full Chapter Sync (Chapter 1 Final): 11 passed, 0 failed.",,,,success,2026-02-18T08:29:23.284291+00:00,1970-01-01T00:00:00+00:00
2b35447a-466e-47ac-a514-950774e6ae31,2026-02-18T08:16:37+00:00,CH1_P3,Final sync and recommendations completed.,,,,success,2026-02-18T08:29:23.284291+00:00,1970-01-01T00:00:00+00:00
8316d22b-19f5-4eed-bb01-4d97b226549c,2026-02-18T08:16:37+00:00,CH2_P1,Automated booking phase completed.,,,,success,2026-02-18T08:29:23.284291+00:00,1970-01-01T00:00:00+00:00
713278e7-5fd0-4c8b-82a4-a6828cf1f4a7,2026-02-18T08:16:55+00:00,CH2_P2,Withdrawal check completed. Balance: 0.0,,,,success,2026-02-18T08:29:23.284291+00:00,1970-01-01T00:00:00+00:00
2a84ea33-fd4f-4772-a112-821089748c05,2026-02-18T08:16:55+00:00,OVERSIGHT_REPORT,"═══ Chief Engineer Oversight Report ═══
Cycle Count: #1
Uptime: 0:18:19.873261
Current Balance: ₦0.00
Booked: 0
Failed: 0

Health Check:
⚠️ Account balance is zero or unknown.
⚠️ Low prediction volume today: 0 (expected ≥5).",,,,success,2026-02-18T08:29:23.284291+00:00,1970-01-01T00:00:00+00:00
0d3fac77-af13-4a62-b68c-2440c676ceb7,2026-02-18T08:16:55+00:00,CH3,Chief Engineer oversight completed.,,,,success,2026-02-18T08:29:23.284291+00:00,1970-01-01T00:00:00+00:00
169a06a5-db1f-4f2c-be3e-f4a7a09fbad4,2026-02-18T08:16:55+00:00,CYCLE_COMPLETE,Cycle #1 finished.,,,,success,2026-02-18T08:29:23.284291+00:00,1970-01-01T00:00:00+00:00
93befd04-bf73-4c67-b68c-4882f372bccb,2026-02-18T08:27:56+00:00,CYCLE_START,Cycle #1 initiated.,,,,success,2026-02-18T08:29:23.284291+00:00,1970-01-01T00:00:00+00:00
c22e3605-91ed-4d6f-93c1-6a378dff2bf8,2026-02-18T08:34:34+00:00,PROLOGUE_P1,Cloud handshake and prediction review completed.,,,,success,2026-02-18T08:36:00.730303+00:00,1970-01-01T00:00:00+00:00
9b4d0bf2-d721-4c9f-b63b-5a4fc6c40672,2026-02-18T09:46:42+00:00,CYCLE_START,Cycle #1 initiated.,,,,success,2026-02-18T09:48:13.260788+00:00,1970-01-01T00:00:00+00:00
6e35bc45-13ac-4174-b423-3d0ad3c53e71,2026-02-18T10:09:03+00:00,CYCLE_START,Cycle #1 initiated.,,,,success,2026-02-18T10:10:44.252165+00:00,1970-01-01T00:00:00+00:00
bd236cbc-ee6f-4dbb-b9ff-8b2498dc2518,2026-02-18T10:16:13+00:00,PROLOGUE_P1,Cloud handshake and prediction review completed.,,,,success,2026-02-18T10:17:42.515416+00:00,1970-01-01T00:00:00+00:00
073963c0-ecfc-4a39-aef8-281e4b485968,2026-02-18T10:46:59+00:00,CYCLE_START,Cycle #1 initiated.,,,,success,2026-02-18T10:48:33.234302+00:00,1970-01-01T00:00:00+00:00
b3c9a69d-0722-4497-ab64-9d979781cbc7,2026-02-18T10:53:59+00:00,PROLOGUE_P1,Cloud handshake and prediction review completed.,,,,success,2026-02-18T10:55:32.862144+00:00,1970-01-01T00:00:00+00:00
c42268cc-ee8f-4a2e-9503-592c4de91443,2026-02-18T10:57:20+00:00,SYSTEM_SYNC,"Full Chapter Sync (Periodic): 11 passed, 0 failed.",,,,success,2026-02-18T10:59:26.436247+00:00,1970-01-01T00:00:00+00:00
b9ab1ae4-e4b3-4c4f-8cbd-bbc91e6b9a57,2026-02-18T10:57:51+00:00,PROLOGUE_P2,Metadata enrichment completed.,,,,success,2026-02-18T10:59:26.436247+00:00,1970-01-01T00:00:00+00:00
80217713-7782-4bc5-8117-00066e6d8092,2026-02-18T11:02:14+00:00,CH1_P2,Odds harvesting and URL resolution completed.,,,,success,2026-02-18T11:04:00.691523+00:00,1970-01-01T00:00:00+00:00
34c3edc3-1e45-4079-aa10-ea5b56a43604,2026-02-18T11:04:01+00:00,CH1_P3,Final sync and recommendations completed.,,,,success,2026-02-18T11:13:29.961437+00:00,1970-01-01T00:00:00+00:00
a57700f9-d086-4bd0-b93a-4efa3a81969c,2026-02-18T11:04:01+00:00,CH2_P1,Automated booking phase completed.,,,,success,2026-02-18T11:13:29.961437+00:00,1970-01-01T00:00:00+00:00
1145cf30-2462-4dff-bb85-f55101d56eba,2026-02-18T11:04:19+00:00,CH2_P2,Withdrawal check completed. Balance: 0.0,,,,success,2026-02-18T11:13:29.961437+00:00,1970-01-01T00:00:00+00:00
72289862-6ffe-471e-9c12-c5da9f75fb51,2026-02-18T11:04:19+00:00,OVERSIGHT_REPORT,"═══ Chief Engineer Oversight Report ═══
Cycle Count: #1
Uptime: 0:17:20.091988
Current Balance: ₦0.00
Booked: 0
Failed: 0

Health Check:
⚠️ Account balance is zero or unknown.
⚠️ Low prediction volume today: 0 (expected ≥5).",,,,success,2026-02-18T11:13:29.961437+00:00,1970-01-01T00:00:00+00:00
c6544c14-e8f5-442a-9800-c9f415b28a75,2026-02-18T11:04:19+00:00,CYCLE_COMPLETE,Cycle #1 finished.,,,,success,2026-02-18T11:13:29.961437+00:00,1970-01-01T00:00:00+00:00
7c6f1b99-275d-41e1-8ff1-222afe3ca8f1,2026-02-18T11:16:39+00:00,SYSTEM_SYNC,"Full Chapter Sync (Periodic): 11 passed, 0 failed.",,,,success,2026-02-18T11:35:42.224157+00:00,1970-01-01T00:00:00+00:00
81160c2e-272b-4b07-a47b-47d7f52abfba,2026-02-18T11:47:57+00:00,CYCLE_START,Cycle #1 initiated.,,,,success,2026-02-18T11:49:26.146386+00:00,1970-01-01T00:00:00+00:00
02d81c75-4d70-4e9a-b815-0a0d49d3edfd,2026-02-18T12:01:03+00:00,CYCLE_START,Cycle #1 initiated.,,,,success,2026-02-18T12:03:32.018789+00:00,1970-01-01T00:00:00+00:00
94c92f2a-207e-4ede-81c0-04075c167d13,2026-02-18T12:01:53+00:00,CYCLE_START,Cycle #1 initiated.,,,,success,2026-02-18T12:03:32.018789+00:00,1970-01-01T00:00:00+00:00
6a6788e0-afe2-4903-af81-31b32ea08401,2026-02-18T14:07:32+00:00,CYCLE_START,Cycle #1 initiated.,,,,success,2026-02-18T14:09:56.26401+00:00,1970-01-01T00:00:00+00:00
8ed55fdb-82f2-41cd-8182-b617ca879407,2026-02-18T14:51:18+00:00,CYCLE_START,Cycle #1 initiated.,,,,success,2026-02-18T14:53:21.755874+00:00,1970-01-01T00:00:00+00:00
47188ba3-cece-4dbc-9aa0-b384575013de,2026-02-18T15:36:49+00:00,STREAMER_START,Live score streamer initialized.,,,,success,2026-02-18T19:15:35.72445+00:00,1970-01-01T00:00:00+00:00
a9ba462c-735e-4ad0-b711-9e157e250b8a,2026-02-18T16:19:04+00:00,CYCLE_START,Cycle #1 initiated.,,,,success,2026-02-18T19:15:35.72445+00:00,1970-01-01T00:00:00+00:00
93fe68ac-2af2-4628-a09a-3814fc8e1c00,2026-02-18T16:19:55+00:00,STREAMER_START,Live score streamer initialized.,,,,success,2026-02-18T19:15:35.72445+00:00,1970-01-01T00:00:00+00:00
5577d7af-910e-4963-87bd-77beef1f29bf,2026-02-18T16:47:55+00:00,CYCLE_START,Cycle #1 initiated.,,,,success,2026-02-18T19:15:35.72445+00:00,1970-01-01T00:00:00+00:00
8d2966ec-58bc-425a-87ae-acf3d14d0ba9,2026-02-18T16:48:47+00:00,STREAMER_START,Live score streamer initialized.,,,,success,2026-02-18T19:15:35.72445+00:00,1970-01-01T00:00:00+00:00
90b8f9ea-b64a-4f13-a3d0-ca8862fda991,2026-02-18T19:03:18+00:00,CYCLE_START,Cycle #1 initiated.,,,,success,2026-02-18T19:15:35.72445+00:00,1970-01-01T00:00:00+00:00
9202b0ee-bc12-42c6-8868-b2e50491d9ca,2026-02-18T19:04:10+00:00,STREAMER_START,Live score streamer initialized.,,,,success,2026-02-18T19:15:35.72445+00:00,1970-01-01T00:00:00+00:00
003b613f-14d5-4850-8655-801c714ad4db,2026-02-18T19:14:04+00:00,CYCLE_START,Cycle #1 initiated.,,,,success,2026-02-18T19:15:35.72445+00:00,1970-01-01T00:00:00+00:00
025d0129-5164-481e-b968-e3f1c36118a6,2026-02-18T19:16:00+00:00,STREAMER_START,Live score streamer initialized.,,,,success,2026-02-18T19:35:58.323931+00:00,1970-01-01T00:00:00+00:00
03ab45f6-cf6a-4bfd-9e03-b0773540e7c3,2026-02-18T19:34:23+00:00,PROLOGUE_P1,Cloud handshake and prediction review completed.,,,,success,2026-02-18T19:35:58.323931+00:00,1970-01-01T00:00:00+00:00
3972dd56-7d3e-4559-918d-8d688579e315,2026-02-18T19:39:43+00:00,CYCLE_START,Cycle #1 initiated.,,,,success,2026-02-18T19:41:18.172432+00:00,1970-01-01T00:00:00+00:00
69dccfaf-7403-44f6-add1-a9c00dc66e97,2026-02-18T19:41:41+00:00,STREAMER_START,Live score streamer initialized.,,,,success,2026-02-18T20:00:25.696967+00:00,1970-01-01T00:00:00+00:00
c9918c6b-7c7e-4d24-8588-ec18bda67ff6,2026-02-18T20:28:18+00:00,STREAMER_START,Live score streamer initialized.,,,,success,2026-02-18T20:47:08.778539+00:00,1970-01-01T00:00:00+00:00
bec4e7e7-dc01-4d36-b565-c2e868e83e64,2026-02-18T20:45:33+00:00,PROLOGUE_P1,Cloud handshake and prediction review completed.,,,,success,2026-02-18T20:47:08.778539+00:00,1970-01-01T00:00:00+00:00
22586405-f4a2-4b76-a95f-cb5c2fd4816c,2026-02-19T00:18:20+00:00,CYCLE_START,Cycle #1 initiated.,,,,success,2026-02-19T00:20:00.493406+00:00,1970-01-01T00:00:00+00:00
6e67fd9c-7282-4b11-8a95-63b561d09ebf,2026-02-19T00:51:10+00:00,CYCLE_START,Cycle #1 initiated.,,,,success,2026-02-19T00:55:20.162362+00:00,1970-01-01T00:00:00+00:00
1106c123-59f7-46ce-ac27-d5d6a82849a1,2026-02-19T00:52:00+00:00,STREAMER_START,Live score streamer initialized.,,,,success,2026-02-19T00:55:20.162362+00:00,1970-01-01T00:00:00+00:00
564fe3b3-1aab-495d-aa0b-df48e869c9eb,2026-02-19T02:15:54+00:00,CYCLE_START,Cycle #1 initiated.,,,,success,2026-02-19T02:17:31.653124+00:00,1970-01-01T00:00:00+00:00
6ee577e1-cd8d-4438-b4ea-5f85d80eca88,2026-02-19T02:27:28+00:00,CYCLE_START,Cycle #1 initiated.,,,,success,2026-02-19T02:28:34.838218+00:00,1970-01-01T00:00:00+00:00
1e5043ee-4556-49d2-80ca-802f1841ebc6,2026-02-19T02:29:07+00:00,STREAMER_START,Live score streamer initialized.,,,,success,2026-02-19T02:56:20.671872+00:00,1970-01-01T00:00:00+00:00
77a7b3af-bebb-4590-8ab7-ddb0ec8cd39a,2026-02-19T02:54:44+00:00,PROLOGUE_P1,Cloud handshake and prediction review completed.,,,,success,2026-02-19T02:56:20.671872+00:00,1970-01-01T00:00:00+00:00
bed8764b-c575-4ccb-a148-12384275a6d4,2026-02-19T07:07:26+00:00,CYCLE_START,Cycle #1 initiated.,,,,success,2026-02-19T07:08:53.004536+00:00,1970-01-01T00:00:00+00:00
8f30fa5c-56b9-4fb5-b04a-e6c1e30e0412,2026-02-19T07:22:48+00:00,PROLOGUE_P1,Cloud handshake and prediction review completed.,,,,success,2026-02-19T07:24:17.607038+00:00,1970-01-01T00:00:00+00:00
55d3806b-b0c1-4e23-896a-c47da03579f4,2026-02-19T07:22:48+00:00,PROLOGUE_P2,Metadata enrichment completed.,,,,success,2026-02-19T07:24:17.607038+00:00,1970-01-01T00:00:00+00:00
6d6c7a1d-ae5c-4b4d-b6a9-f3a5649ad5c8,2026-02-19T08:10:08+00:00,CYCLE_START,Cycle #1 initiated.,,,,success,2026-02-19T08:11:27.691967+00:00,1970-01-01T00:00:00+00:00
983833de-1492-4ce1-a91e-ba3994c2d3ce,2026-02-19T12:59:29+00:00,CYCLE_START,Cycle #1 initiated.,,,,success,2026-02-19T13:00:52.68559+00:00,1970-01-01T00:00:00+00:00
6752d449-3a42-4179-932c-8b8381bb38ab,2026-02-19T13:02:39+00:00,STREAMER_START,Live score streamer initialized (v2: LIVE+FINISHED).,,,,success,2026-02-19T13:28:56.613064+00:00,1970-01-01T00:00:00+00:00
5623f065-189e-4efc-96b4-b780a678f116,2026-02-19T13:30:13+00:00,STREAMER_START,Live score streamer initialized (v2: LIVE+FINISHED).,,,,success,2026-02-19T13:58:36.956022+00:00,1970-01-01T00:00:00+00:00
117278ad-ebec-4cbe-846b-694839ef2691,2026-02-19T13:57:10+00:00,PROLOGUE_P1,Cloud handshake and prediction review completed.,,,,success,2026-02-19T13:58:36.956022+00:00,1970-01-01T00:00:00+00:00
530ef045-fc68-4042-abe8-a41d1be903df,2026-02-19T14:02:06+00:00,CH1_P1,Flashscore extraction and analysis completed.,,,,success,2026-02-19T14:05:11.032201+00:00,1970-01-01T00:00:00+00:00
5916c8a9-b478-4786-9ff1-f783817ae77b,2026-02-19T14:03:30+00:00,CH1_P2,Odds harvesting and URL resolution completed.,,,,success,2026-02-19T14:05:11.032201+00:00,1970-01-01T00:00:00+00:00
6052aa0a-6e9b-44e1-bb2a-c8ee9ca858c5,2026-02-19T14:22:20+00:00,STREAMER_START,Live score streamer initialized (v2: LIVE+FINISHED).,,,,success,2026-02-19T14:39:52.900267+00:00,1970-01-01T00:00:00+00:00
0da92efd-1a0b-4d8b-b0b6-328651cc2677,2026-02-19T14:38:27+00:00,PROLOGUE_P1,Cloud handshake and prediction review completed.,,,,success,2026-02-19T14:39:52.900267+00:00,1970-01-01T00:00:00+00:00
86242e0d-432e-4e49-b417-5e5fad96bbfa,2026-02-19T14:44:16+00:00,CH1_P1,Flashscore extraction and analysis completed.,,,,success,2026-02-19T14:47:09.949609+00:00,1970-01-01T00:00:00+00:00
64dce2db-90f9-4cd9-866d-55eb3f1aa567,2026-02-19T14:45:40+00:00,CH1_P2,Odds harvesting and URL resolution completed.,,,,success,2026-02-19T14:47:09.949609+00:00,1970-01-01T00:00:00+00:00
104bf056-c845-429d-9a10-dbf3ec3e7beb,2026-02-19T14:47:10+00:00,CH1_P3,Final sync and recommendations completed.,,,,success,2026-02-19T15:03:03.299369+00:00,1970-01-01T00:00:00+00:00
ac313290-a107-417e-b531-1f0e91ba1c4f,2026-02-19T14:47:10+00:00,CH2_P1,Automated booking phase completed.,,,,success,2026-02-19T15:03:03.299369+00:00,1970-01-01T00:00:00+00:00
22ec9ce6-7082-48a9-8807-033e052af0ce,2026-02-19T14:47:29+00:00,CH2_P2,Withdrawal check completed. Balance: 0.0,,,,success,2026-02-19T15:03:03.299369+00:00,1970-01-01T00:00:00+00:00
bfc03a9f-741a-4606-8f36-5e8e9873a288,2026-02-19T15:01:05+00:00,CYCLE_START,Cycle #1 initiated.,,,,success,2026-02-19T15:03:03.299369+00:00,1970-01-01T00:00:00+00:00
1cc934aa-6974-4538-ae5a-3c9865258b2c,2026-02-19T15:02:01+00:00,STREAMER_START,Live score streamer initialized (v2: LIVE+FINISHED).,,,,success,2026-02-19T15:03:03.299369+00:00,1970-01-01T00:00:00+00:00
887b3829-6e91-488a-a677-33f0555b8f98,2026-02-19T23:53:53+00:00,CH1_P1,Flashscore extraction and analysis completed.,,,,success,2026-02-19T23:57:12.852463+00:00,1970-01-01T00:00:00+00:00
9b336bc3-42c2-45c7-9878-6fe7ba913fa6,2026-02-19T23:55:18+00:00,CH1_P2,Odds harvesting and URL resolution completed.,,,,success,2026-02-19T23:57:12.852463+00:00,1970-01-01T00:00:00+00:00
8fab1bad-f227-43a4-866a-6722752754a7,2026-02-19T23:57:12+00:00,SYSTEM_SYNC,"Full Chapter Sync (Chapter 1 Final): 12 passed, 0 failed.",,,,success,2026-02-20T00:33:35.363732+00:00,1970-01-01T00:00:00+00:00
74cc7114-b883-4cb3-adcb-4edaf114168b,2026-02-19T23:57:32+00:00,CH2_P2,Withdrawal check completed. Balance: 0.0,,,,success,2026-02-20T00:33:35.363732+00:00,1970-01-01T00:00:00+00:00
220e540e-a66a-41d0-8bab-c2afd8ebbdb2,2026-02-20T00:32:10+00:00,CYCLE_START,Cycle #1 initiated.,,,,success,2026-02-20T00:33:35.363732+00:00,1970-01-01T00:00:00+00:00
0f7b71fc-d7d8-497a-b8c0-2c26394e20cc,2026-02-20T00:39:39+00:00,CYCLE_START,Cycle #1 initiated.,,,,success,2026-02-20T00:41:04.266505+00:00,1970-01-01T00:00:00+00:00
1f42bd9a-80ca-4786-bb8c-12e67c12d80b,2026-02-20T00:40:21+00:00,STREAMER_START,"Live score streamer v3 initialized (ALL tab, 15s).",,,,success,2026-02-20T00:41:04.266505+00:00,1970-01-01T00:00:00+00:00
591a8528-ae35-4ae0-ab06-52036488dbf6,2026-02-20T00:42:51+00:00,CYCLE_START,Cycle #1 initiated.,,,,success,2026-02-20T00:44:10.866366+00:00,1970-01-01T00:00:00+00:00
2247d359-265b-451b-bfcb-4bee4dcd43bc,2026-02-20T00:46:06+00:00,STREAMER_START,"Live score streamer v3 initialized (ALL tab, 15s).",,,,success,2026-02-20T01:05:15.314178+00:00,1970-01-01T00:00:00+00:00
75311d56-0ca9-42ff-9fbd-7d02c2ce586e,2026-02-20T01:03:58+00:00,CYCLE_START,Cycle #1 initiated.,,,,success,2026-02-20T01:05:15.314178+00:00,1970-01-01T00:00:00+00:00
5e194a69-faea-4032-a9da-d2e26021b1c9,2026-02-20T01:06:38+00:00,STREAMER_START,"Live score streamer v3 initialized (ALL tab, 15s).",,,,success,2026-02-20T01:40:36.328298+00:00,1970-01-01T00:00:00+00:00
5c0a8590-4708-48bd-835a-d30b7e6ce0d2,2026-02-20T01:39:07+00:00,PROLOGUE_P1,Cloud handshake and prediction review completed.,,,,success,2026-02-20T01:40:36.328298+00:00,1970-01-01T00:00:00+00:00
3c4d3d4d-c523-4381-81d0-740374938244,2026-02-20T01:56:09+00:00,CH1_P1,Failed: BrowserContext.close: Connection closed while reading from the driver,,,,failed,2026-02-20T01:58:37.818512+00:00,1970-01-01T00:00:00+00:00
9b8230e3-e97c-4fd6-aeb6-ed0090f14a46,2026-02-20T01:56:13+00:00,CH1_P2,Odds harvesting and URL resolution completed.,,,,success,2026-02-20T01:58:37.818512+00:00,1970-01-01T00:00:00+00:00
6b824858-8c43-4462-9dda-95e19664b6f1,2026-02-20T01:57:12+00:00,CYCLE_START,Cycle #1 initiated.,,,,success,2026-02-20T01:58:37.818512+00:00,1970-01-01T00:00:00+00:00
677e6695-2e0b-4866-9d26-573a15faa806,2026-02-20T01:57:54+00:00,STREAMER_START,"Live score streamer v3 initialized (ALL tab, 15s).",,,,success,2026-02-20T01:58:37.818512+00:00,1970-01-01T00:00:00+00:00
3cb3cfce-52e2-474d-aafd-ffdee312af56,2026-02-20T02:04:45+00:00,PROLOGUE_P1,Cloud handshake and prediction review completed.,,,,success,2026-02-20T02:06:28.034993+00:00,1970-01-01T00:00:00+00:00
0aa56d16-68fb-4964-8c65-84e61ca0e169,2026-02-20T04:55:16+00:00,SYSTEM_SYNC,"Full Chapter Sync (Manual Sync): 12 passed, 0 failed.",,,,success,2026-02-20T04:57:14.270221+00:00,1970-01-01T00:00:00+00:00
8e64e689-9eed-4295-ab0e-bcaa580248bf,2026-02-20T04:57:14+00:00,SYSTEM_SYNC,"Full Chapter Sync (Manual Sync): 12 passed, 0 failed.",,,,success,2026-02-20T04:58:44.134866+00:00,1970-01-01T00:00:00+00:00
bb118d3b-1425-44c8-9f40-4785ba163aeb,2026-02-20T05:05:41+00:00,SYSTEM_SYNC,"Full Chapter Sync (Manual Sync): 12 passed, 0 failed.",,,,success,2026-02-20T05:07:43.80215+00:00,1970-01-01T00:00:00+00:00
5c3292e6-ce2c-4985-9b25-295f0ee923be,2026-02-20T05:07:43+00:00,SYSTEM_SYNC,"Full Chapter Sync (Manual Sync): 12 passed, 0 failed.",,,,success,2026-02-20T05:12:05.131838+00:00,1970-01-01T00:00:00+00:00
a0b6dd9a-68c4-4042-869b-dcc1fd31f22d,2026-02-20T06:01:26+00:00,SYSTEM_SYNC,"Full Chapter Sync (Manual Sync): 12 passed, 0 failed.",,,,success,2026-02-20T05:13:08.478936+00:00,1970-01-01T00:00:00+00:00
0d6ab8b2-4ac7-43ce-add0-861ef8044ef9,2026-02-20T05:12:05+00:00,SYSTEM_SYNC,"Full Chapter Sync (Manual Sync): 12 passed, 0 failed.",,,,success,2026-02-20T05:24:11.037061+00:00,1970-01-01T00:00:00+00:00
17c3f757-24c0-4f3d-a8c1-05f5d0437d61,2026-02-20T06:12:34+00:00,SYSTEM_SYNC,"Full Chapter Sync (Manual Sync): 12 passed, 0 failed.",,,,success,2026-02-20T06:02:59.018676+00:00,1970-01-01T00:00:00+00:00
0e96b165-d755-43b5-ac7f-46c20099ae00,2026-02-20T06:19:27+00:00,CH1_P1,Failed: Browser.close: Connection closed while reading from the driver,,,,failed,2026-02-20T06:21:25.218613+00:00,1970-01-01T00:00:00+00:00
29973549-624a-4e26-99d5-b6fdb2386268,2026-02-20T06:20:02+00:00,CYCLE_START,Cycle #1 initiated.,,,,success,2026-02-20T06:21:25.218613+00:00,1970-01-01T00:00:00+00:00
54bd177a-91d2-4703-8a72-f201463ee4d3,2026-02-20T06:20:40+00:00,STREAMER_START,"Live score streamer v3 initialized (ALL tab, 15s).",,,,success,2026-02-20T06:21:25.218613+00:00,1970-01-01T00:00:00+00:00
9475d7d6-bce4-41b6-a515-a9f0aa7368bb,2026-02-20T07:02:25+00:00,SYSTEM_SYNC,"Full Chapter Sync (Manual Sync): 12 passed, 0 failed.",,,,success,2026-02-20T06:36:31.182867+00:00,1970-01-01T00:00:00+00:00
0428276a-202c-4c85-81c3-d0b1a7425d4e,2026-02-20T06:35:06+00:00,CYCLE_START,Cycle #1 initiated.,,,,success,2026-02-20T06:36:31.182867+00:00,1970-01-01T00:00:00+00:00
8004c1e9-0d8d-461d-a8c2-c105b1d1a09f,2026-02-20T06:38:31+00:00,STREAMER_START,"Live score streamer v3 initialized (ALL tab, 15s).",,,,success,2026-02-20T07:08:21.714094+00:00,1970-01-01T00:00:00+00:00
ac1b72cf-ab3f-4885-bd33-e35d9e66b7b2,2026-02-20T07:06:31+00:00,CYCLE_START,Cycle #1 initiated.,,,,success,2026-02-20T07:08:21.714094+00:00,1970-01-01T00:00:00+00:00
be08f439-1bd9-4712-b080-54a4519e4924,2026-02-20T07:08:59+00:00,STREAMER_START,"Live score streamer v3 initialized (ALL tab, 15s).",,,,success,2026-02-20T07:22:48.678261+00:00,1970-01-01T00:00:00+00:00
baa01c56-5e2b-45f8-b77c-0b19c5075dda,2026-02-20T07:20:25+00:00,PROLOGUE_P1,Cloud handshake and prediction review completed.,,,,success,2026-02-20T07:22:48.678261+00:00,1970-01-01T00:00:00+00:00
8d7f151e-9926-49c7-9f55-dd6dcf99624d,2026-02-20T08:00:26+00:00,CH1_P1,Failed: Browser.close: Connection closed while reading from the driver,,,,failed,2026-02-20T08:01:40.668562+00:00,1970-01-01T00:00:00+00:00
3ec10536-c3ba-493b-ad0d-51a8f4979911,2026-02-20T08:01:40+00:00,SYSTEM_SYNC,"Full Chapter Sync (Periodic): 12 passed, 0 failed.",,,,success,2026-02-20T10:04:59.824395+00:00,1970-01-01T00:00:00+00:00
84ce7f93-9589-4334-941b-946b86898ff6,2026-02-20T10:03:36+00:00,CYCLE_START,Cycle #1 initiated.,,,,success,2026-02-20T10:04:59.824395+00:00,1970-01-01T00:00:00+00:00
7ff017de-c618-41c5-9cef-6d3e60dde955,2026-02-20T10:03:46+00:00,STREAMER_START,"Live score streamer v3 initialized (ALL tab, 15s).",,,,success,2026-02-20T10:04:59.824395+00:00,1970-01-01T00:00:00+00:00
4b7be2f8-0834-4034-8ecb-0c7019066045,2026-02-20T12:49:45+00:00,SYSTEM_SYNC,"Full Chapter Sync (Manual Sync): 12 passed, 0 failed.",,,,success,2026-02-20T12:05:27.96076+00:00,1970-01-01T00:00:00+00:00
c84f741b-05c2-4ed3-9526-a3703dcf77b9,2026-02-20T13:05:28+00:00,SYSTEM_SYNC,"Full Chapter Sync (Manual Sync): 12 passed, 0 failed.",,,,success,2026-02-20T13:30:55.354866+00:00,1970-01-01T00:00:00+00:00
6252940a-4395-47c9-8b9a-84635c183af8,2026-02-20T13:33:02+00:00,STREAMER_START,"Live score streamer v3 initialized (ALL tab, 15s).",,,,success,2026-02-20T13:39:28.190104+00:00,1970-01-01T00:00:00+00:00
649838b1-93c9-48bf-ad2a-393a8e44b180,2026-02-20T13:38:07+00:00,CYCLE_START,Cycle #1 initiated.,,,,success,2026-02-20T13:39:28.190104+00:00,1970-01-01T00:00:00+00:00
3009a77f-5017-4b41-acaa-28847f856585,2026-02-20T14:34:28+00:00,SYSTEM_SYNC,"Full Chapter Sync (Manual Sync): 12 passed, 0 failed.",,,,success,2026-02-20T13:55:14.123735+00:00,1970-01-01T00:00:00+00:00
c5d5b042-849b-44ae-a5bc-01810a2a8f89,2026-02-20T14:38:27+00:00,STREAMER_START,"Live score streamer v3 initialized (ALL tab, 15s).",,,,success,2026-02-20T13:55:14.123735+00:00,1970-01-01T00:00:00+00:00
8a071a93-3362-496e-a9da-ddec8f202632,2026-02-20T14:56:50+00:00,SYSTEM_SYNC,"Full Chapter Sync (Manual Sync): 12 passed, 0 failed.",,,,success,2026-02-20T15:42:07.145118+00:00,1970-01-01T00:00:00+00:00
2ceac549-0895-415f-b96b-c12734da6f11,2026-02-20T15:09:28+00:00,STREAMER_START,"Live score streamer v3.1 initialized (ALL tab, 60s).",,,,success,2026-02-20T15:42:07.145118+00:00,1970-01-01T00:00:00+00:00
0c8e5fba-7c58-483e-b1a2-52fd7cedad51,2026-02-20T16:02:27+00:00,STREAMER_START,"Mobile live score streamer v3.2 initialized (Headless, 60s).",,,,success,2026-02-20T15:42:07.145118+00:00,1970-01-01T00:00:00+00:00
2af269e9-6390-45a7-8414-1121f761feba,2026-02-20T15:44:18+00:00,STREAMER_START,"Mobile live score streamer v3.2 initialized (Headless, 60s).",,,,success,2026-02-20T16:28:16.589907+00:00,1970-01-01T00:00:00+00:00
a6ce4700-7cc6-4dc4-91f6-0963ea588a95,2026-02-20T16:26:47+00:00,PROLOGUE_P1,Cloud handshake and prediction review completed.,,,,success,2026-02-20T16:28:16.589907+00:00,1970-01-01T00:00:00+00:00
8c612a9a-8863-4086-a8b8-84a5de5179e3,2026-02-20T17:02:16+00:00,PROLOGUE_P1,Cloud handshake and prediction review completed.,,,,success,2026-02-20T17:07:22.934622+00:00,1970-01-01T00:00:00+00:00
1d29afde-57e7-4271-9e64-3f2f00c49cc6,2026-02-20T17:07:23+00:00,SYSTEM_SYNC,"Full Chapter Sync (Manual Sync): 12 passed, 0 failed.",,,,success,2026-02-20T17:10:15.345196+00:00,1970-01-01T00:00:00+00:00
34901828-bdd9-4acb-a1f3-b4fa31024f3e,2026-02-20T17:38:07+00:00,SYSTEM_SYNC,"Full Chapter Sync (Prologue Final): 12 passed, 0 failed.",,,,success,2026-02-20T17:46:30.51431+00:00,1970-01-01T00:00:00+00:00
8e1c3c81-e8a9-4521-95f4-87c96e0772b4,2026-02-20T17:38:07+00:00,PROLOGUE_P3,Accuracy generated and Prologue sync completed.,,,,success,2026-02-20T17:46:30.51431+00:00,1970-01-01T00:00:00+00:00
8bab1d36-b3a0-49ce-8601-10e9b88c156b,2026-02-20T17:46:30+00:00,SYSTEM_SYNC,"Full Chapter Sync (Ch1 P2): 12 passed, 0 failed.",,,,success,2026-02-20T17:51:54.454881+00:00,1970-01-01T00:00:00+00:00
37a27d13-090f-43d5-be39-9027b3677eb4,2026-02-20T17:46:30+00:00,CH1_P2,Odds harvesting and URL resolution completed.,,,,success,2026-02-20T17:51:54.454881+00:00,1970-01-01T00:00:00+00:00
77610181-ebca-4ca2-ba8e-1b685d398afe,2026-02-20T17:56:28+00:00,SYSTEM_SYNC,"Full Chapter Sync (Ch2 P1 Booking): 12 passed, 0 failed.",,,,success,2026-02-20T18:00:51.070005+00:00,1970-01-01T00:00:00+00:00
7b82ce1a-7f6d-4939-ac03-003dd7961a0a,2026-02-20T17:56:28+00:00,CH2_P1,Automated booking phase completed.,,,,success,2026-02-20T18:00:51.070005+00:00,1970-01-01T00:00:00+00:00
b178f5b2-f341-4cd1-985f-af7202cdcef9,2026-02-20T18:00:51+00:00,SYSTEM_SYNC,"Full Chapter Sync (Ch2 P2 Withdrawal): 12 passed, 0 failed.",,,,success,2026-02-20T18:05:19.884876+00:00,1970-01-01T00:00:00+00:00
864e81f0-9816-4cee-b4df-fac7fe7c6c03,2026-02-20T18:05:19+00:00,SYSTEM_SYNC,"Full Chapter Sync (Ch2 P1 Booking): 12 passed, 0 failed.",,,,success,2026-02-20T18:07:00.666759+00:00,1970-01-01T00:00:00+00:00
3a025c26-a84f-45e5-b4e6-5cb68f101624,2026-02-20T18:05:19+00:00,CH2_P1,Automated booking phase completed.,,,,success,2026-02-20T18:07:00.666759+00:00,1970-01-01T00:00:00+00:00
3b92720c-a34d-4e5c-a240-7ed795b263c8,2026-02-20T18:05:38+00:00,CH2_P2,Withdrawal check completed. Balance: 0.0,,,,success,2026-02-20T18:07:00.666759+00:00,1970-01-01T00:00:00+00:00
9463e7e7-905e-4153-9129-647ddd9ce388,2026-02-21T03:17:20+00:00,STREAMER_START,"Mobile live score streamer v3.2 initialized (Headless, 60s).",,,,success,2026-02-21T06:49:37.975456+00:00,1970-01-01T00:00:00+00:00
1c035303-1502-43b5-bb14-5b2b18cb06ca,2026-02-21T03:18:01+00:00,STREAMER_START,"Mobile live score streamer v3.2 initialized (Headless, 60s).",,,,success,2026-02-21T06:49:37.975456+00:00,1970-01-01T00:00:00+00:00
878544a7-5584-4703-bd74-c4661557d1e4,2026-02-21T03:49:04+00:00,STREAMER_START,"Mobile live score streamer v3.2 initialized (Headless, 60s).",,,,success,2026-02-21T06:49:37.975456+00:00,1970-01-01T00:00:00+00:00
3e0fca1f-9ea6-444d-a24f-a35d99bf892e,2026-02-21T03:52:40+00:00,STREAMER_START,"Mobile live score streamer v3.2 initialized (Headless, 60s).",,,,success,2026-02-21T06:49:37.975456+00:00,1970-01-01T00:00:00+00:00
7cd9c46d-5bf3-4be5-b8a5-7b9932c4661f,2026-02-21T03:55:43+00:00,STREAMER_START,"Mobile live score streamer v3.2 initialized (Headless, 60s).",,,,success,2026-02-21T06:49:37.975456+00:00,1970-01-01T00:00:00+00:00
9c9c462e-746c-4c1c-820a-19247353ab9c,2026-02-21T03:57:06+00:00,STREAMER_START,"Mobile live score streamer v3.2 initialized (Headless, 60s).",,,,success,2026-02-21T06:49:37.975456+00:00,1970-01-01T00:00:00+00:00
2cac5e52-8113-4969-b01b-b0c6e3c4de95,2026-02-21T04:01:34+00:00,STREAMER_START,"Mobile live score streamer v3.2 initialized (Headless, 60s).",,,,success,2026-02-21T06:49:37.975456+00:00,1970-01-01T00:00:00+00:00
0b1db1d8-2393-402b-9a1d-92ed9e55599d,2026-02-21T04:09:38+00:00,STREAMER_START,"Mobile live score streamer v3.2 initialized (Headless, 60s).",,,,success,2026-02-21T06:49:37.975456+00:00,1970-01-01T00:00:00+00:00
838ad037-3e93-4b0c-a559-7a88ac0066b9,2026-02-21T04:21:35+00:00,STREAMER_START,"Mobile live score streamer v3.2 initialized (Headless, 60s).",,,,success,2026-02-21T06:49:37.975456+00:00,1970-01-01T00:00:00+00:00
18695bfa-d85a-4392-997c-b0529a05bd56,2026-02-21T04:29:13+00:00,STREAMER_START,"Mobile live score streamer v3.2 initialized (Headless, 60s).",,,,success,2026-02-21T06:49:37.975456+00:00,1970-01-01T00:00:00+00:00
68a16b6d-c349-4852-a95f-d69a8b3c8f14,2026-02-21T04:47:46+00:00,STREAMER_START,"Mobile live score streamer v3.2 initialized (Headless, 60s).",,,,success,2026-02-21T06:49:37.975456+00:00,1970-01-01T00:00:00+00:00
3ccb353a-d29f-49eb-9235-04497f9f2260,2026-02-21T06:31:26+00:00,STREAMER_START,"Mobile live score streamer v3.2 initialized (Headless, 60s).",,,,success,2026-02-21T06:49:37.975456+00:00,1970-01-01T00:00:00+00:00
016dd7f9-4027-45a7-9970-947e8ff6e40b,2026-02-21T06:37:35+00:00,STREAMER_START,"Mobile live score streamer v3.2 initialized (Headless, 60s).",,,,success,2026-02-21T06:49:37.975456+00:00,1970-01-01T00:00:00+00:00
122a8136-c494-4454-8126-e118ed997954,2026-02-21T06:48:27+00:00,STREAMER_START,"Mobile live score streamer v3.2 initialized (Headless, 60s).",,,,success,2026-02-21T06:49:37.975456+00:00,1970-01-01T00:00:00+00:00
5bfeaafd-8e23-477e-b11c-84614a8226ee,2026-02-21T06:59:23+00:00,SYSTEM_SYNC,"Full Chapter Sync (Manual Sync): 12 passed, 0 failed.",,,,success,2026-02-21T07:01:52.59955+00:00,1970-01-01T00:00:00+00:00
68271b21-4c85-4f79-99bf-b335767a658e,2026-02-21T08:21:43+00:00,SYSTEM_SYNC,"Full Chapter Sync (Manual Sync): 12 passed, 0 failed.",,,,success,2026-02-21T08:23:17.099929+00:00,1970-01-01T00:00:00+00:00
dbb2be6c-b5fa-4d18-bf7b-2c33955f3608,2026-02-16T21:29:40+00:00,CYCLE_START,Cycle #1 initiated.,,,,success,2026-02-17T02:52:54.74047+00:00,1970-01-01T00:00:00+00:00
e0fab3ae-9791-4b99-b22d-46a0c48f4ce5,2026-02-17T00:41:20+00:00,CH2_P1,Automated booking phase completed.,,,,success,2026-02-17T02:52:54.74047+00:00,1970-01-01T00:00:00+00:00
ef060e9b-9700-47e1-9ebf-cf4ba04fdb6c,2026-02-17T03:35:24+00:00,CYCLE_START,Cycle #1 initiated.,,,,success,2026-02-17T03:36:48.085006+00:00,1970-01-01T00:00:00+00:00
f8ae8143-52bf-486d-88e5-fd68ae95448d,2026-02-17T16:48:04+00:00,CYCLE_START,Cycle #1 initiated.,,,,success,2026-02-17T16:49:39.725776+00:00,1970-01-01T00:00:00+00:00
d6271431-abeb-4ec8-bff7-48024cfeb347,2026-02-17T19:49:06+00:00,CYCLE_START,Cycle #1 initiated.,,,,success,2026-02-17T19:50:38.21065+00:00,1970-01-01T00:00:00+00:00
ecf73629-4175-4edc-9697-387c187458b8,2026-02-17T19:59:48+00:00,CH1_P1,Flashscore extraction and analysis completed.,,,,success,2026-02-17T20:02:39.431968+00:00,1970-01-01T00:00:00+00:00
ce71f7a1-ae90-4e78-a10e-b7e9f29ed0db,2026-02-17T20:02:40+00:00,CH1_P3,Final sync and recommendations completed.,,,,success,2026-02-18T04:39:53.458559+00:00,1970-01-01T00:00:00+00:00
fb551134-3199-433d-89d3-785cec345a4d,2026-02-17T20:02:58+00:00,CYCLE_COMPLETE,Cycle #1 finished.,,,,success,2026-02-18T04:39:53.458559+00:00,1970-01-01T00:00:00+00:00
f7a51463-34d0-490c-b3eb-3e5a6bf072ed,2026-02-18T05:05:56+00:00,CYCLE_START,Cycle #1 initiated.,,,,success,2026-02-18T05:07:23.35608+00:00,1970-01-01T00:00:00+00:00
f302c60a-d793-482c-9941-efeb9d93b086,2026-02-18T08:13:54+00:00,CH1_P1,Flashscore extraction and analysis completed.,,,,success,2026-02-18T08:16:36.983565+00:00,1970-01-01T00:00:00+00:00
f0fa8b4a-fcc0-4294-9e7c-43b8bbfa9861,2026-02-18T08:15:12+00:00,CH1_P2,Odds harvesting and URL resolution completed.,,,,success,2026-02-18T08:16:36.983565+00:00,1970-01-01T00:00:00+00:00
f1613885-6625-45c9-9231-b12d0b3dc880,2026-02-18T09:53:31+00:00,PROLOGUE_P1,Cloud handshake and prediction review completed.,,,,success,2026-02-18T09:54:59.551221+00:00,1970-01-01T00:00:00+00:00
cf6793fb-f6e0-4d70-96ea-b9a8794225f2,2026-02-18T10:19:22+00:00,SYSTEM_SYNC,"Full Chapter Sync (Periodic): 11 passed, 0 failed.",,,,success,2026-02-18T10:48:33.234302+00:00,1970-01-01T00:00:00+00:00
fb3d7f2b-9509-47e9-a53e-9f13142127c8,2026-02-18T11:04:00+00:00,SYSTEM_SYNC,"Full Chapter Sync (Chapter 1 Final): 11 passed, 0 failed.",,,,success,2026-02-18T11:13:29.961437+00:00,1970-01-01T00:00:00+00:00
f5724c29-80da-4bf2-9574-164c11aa4ce0,2026-02-18T11:04:19+00:00,CH3,Chief Engineer oversight completed.,,,,success,2026-02-18T11:13:29.961437+00:00,1970-01-01T00:00:00+00:00
ea550622-bbc2-43e4-b525-028718dd0de0,2026-02-18T11:53:02+00:00,CYCLE_START,Cycle #1 initiated.,,,,success,2026-02-18T11:54:32.407757+00:00,1970-01-01T00:00:00+00:00
fc519522-86c7-4a26-99db-eec24b7e1e58,2026-02-18T12:41:29+00:00,PROLOGUE_P1,Cloud handshake and prediction review completed.,,,,success,2026-02-18T12:42:58.841539+00:00,1970-01-01T00:00:00+00:00
dc5bbd73-2885-4131-8a01-ea5a775ecb4d,2026-02-18T13:35:39+00:00,CYCLE_START,Cycle #1 initiated.,,,,success,2026-02-18T13:37:23.214785+00:00,1970-01-01T00:00:00+00:00
eca0f340-5d62-4b1d-9304-b4a960df7777,2026-02-18T14:20:32+00:00,STREAMER_START,Live score streamer initialized.,,,,success,2026-02-18T14:53:21.755874+00:00,1970-01-01T00:00:00+00:00
ea63e78a-8e76-4d40-a53a-cdc8fa66edb3,2026-02-18T14:54:26+00:00,STREAMER_START,Live score streamer initialized.,,,,success,2026-02-18T15:36:10.50151+00:00,1970-01-01T00:00:00+00:00
fd7279da-bdbe-442d-b737-c58737d8645b,2026-02-18T15:34:34+00:00,CYCLE_START,Cycle #1 initiated.,,,,success,2026-02-18T15:36:10.50151+00:00,1970-01-01T00:00:00+00:00
c9f2000a-b960-405c-9a28-8ba598cdf1d6,2026-02-18T15:59:31+00:00,PROLOGUE_P1,Cloud handshake and prediction review completed.,,,,success,2026-02-18T19:15:35.72445+00:00,1970-01-01T00:00:00+00:00
fdec5e75-1cdd-4d02-bd2e-c56ced84087a,2026-02-18T19:58:52+00:00,PROLOGUE_P1,Cloud handshake and prediction review completed.,,,,success,2026-02-18T20:00:25.696967+00:00,1970-01-01T00:00:00+00:00
d082db0f-de64-4cb7-9b62-942bee39506d,2026-02-18T20:26:21+00:00,CYCLE_START,Cycle #1 initiated.,,,,success,2026-02-18T20:27:55.436482+00:00,1970-01-01T00:00:00+00:00
fc82239f-37f8-41ff-87e5-10aafcb5a747,2026-02-19T00:19:14+00:00,STREAMER_START,Live score streamer initialized.,,,,success,2026-02-19T00:20:00.493406+00:00,1970-01-01T00:00:00+00:00
e106a5b8-7dcb-4bf8-a14d-8850dd03e077,2026-02-19T00:38:15+00:00,PROLOGUE_P1,Cloud handshake and prediction review completed.,,,,success,2026-02-19T00:39:53.755887+00:00,1970-01-01T00:00:00+00:00
c9c7453a-a74e-475a-955a-3e35b3a5a0d9,2026-02-19T00:53:38+00:00,CYCLE_START,Cycle #1 initiated.,,,,success,2026-02-19T00:55:20.162362+00:00,1970-01-01T00:00:00+00:00
e17dcd03-b0a2-4b87-b824-837a02745696,2026-02-19T00:55:43+00:00,STREAMER_START,Live score streamer initialized.,,,,success,2026-02-19T01:12:32.547949+00:00,1970-01-01T00:00:00+00:00
cbdd273d-3422-461d-a240-77181e6c4406,2026-02-19T01:10:57+00:00,PROLOGUE_P1,Cloud handshake and prediction review completed.,,,,success,2026-02-19T01:12:32.547949+00:00,1970-01-01T00:00:00+00:00
f2697042-a919-4545-8a3b-c68721fd99ca,2026-02-19T02:19:06+00:00,CYCLE_START,Cycle #1 initiated.,,,,success,2026-02-19T02:20:09.925022+00:00,1970-01-01T00:00:00+00:00
ef999d69-6d01-4b73-b57c-df6868740f05,2026-02-19T02:20:46+00:00,STREAMER_START,Live score streamer initialized.,,,,success,2026-02-19T02:28:34.838218+00:00,1970-01-01T00:00:00+00:00
e14a8e67-1411-4ca7-9724-e823853b71c6,2026-02-19T07:08:13+00:00,STREAMER_START,Live score streamer initialized.,,,,success,2026-02-19T07:08:53.004536+00:00,1970-01-01T00:00:00+00:00
fff38ea8-4756-4d1d-a4da-1d75a90e6dba,2026-02-19T13:27:38+00:00,CYCLE_START,Cycle #1 initiated.,,,,success,2026-02-19T13:28:56.613064+00:00,1970-01-01T00:00:00+00:00
d9491501-4ceb-47cd-ab16-d6e5c64f0e60,2026-02-19T14:20:32+00:00,CYCLE_START,Cycle #1 initiated.,,,,success,2026-02-19T14:21:48.108219+00:00,1970-01-01T00:00:00+00:00
e1f01390-5e85-4043-ab85-60fd65d8d9f1,2026-02-19T14:47:10+00:00,SYSTEM_SYNC,"Full Chapter Sync (Chapter 1 Final): 12 passed, 0 failed.",,,,success,2026-02-19T15:03:03.299369+00:00,1970-01-01T00:00:00+00:00
f2f0bc7c-0eb7-4ac3-a56f-374bb1801206,2026-02-19T23:28:22+00:00,CYCLE_START,Cycle #1 initiated.,,,,success,2026-02-19T23:29:48.527119+00:00,1970-01-01T00:00:00+00:00
f73bd414-a097-4ad9-83cc-219d3704e15d,2026-02-19T23:29:09+00:00,STREAMER_START,Live score streamer initialized (v2: LIVE+FINISHED).,,,,success,2026-02-19T23:29:48.527119+00:00,1970-01-01T00:00:00+00:00
d082e070-2b91-42d7-9399-55157385189d,2026-02-19T23:46:53+00:00,PROLOGUE_P1,Cloud handshake and prediction review completed.,,,,success,2026-02-19T23:48:31.191959+00:00,1970-01-01T00:00:00+00:00
efbf53e0-c890-4c83-9716-6ad998ad7592,2026-02-19T23:57:13+00:00,CH1_P3,Final sync and recommendations completed.,,,,success,2026-02-20T00:33:35.363732+00:00,1970-01-01T00:00:00+00:00
fc16e59f-63ff-4ab6-9e8e-4bdad53d0026,2026-02-19T23:57:13+00:00,CH2_P1,Automated booking phase completed.,,,,success,2026-02-20T00:33:35.363732+00:00,1970-01-01T00:00:00+00:00
e0b28cde-8e1a-46b6-9111-4d93714c6540,2026-02-20T00:32:53+00:00,STREAMER_START,Live score streamer initialized (v2: LIVE+FINISHED).,,,,success,2026-02-20T00:33:35.363732+00:00,1970-01-01T00:00:00+00:00
d3360c75-5059-442f-adc2-af9c58e7f3da,2026-02-20T06:02:55+00:00,PROLOGUE_P1,Cloud handshake and prediction review completed.,,,,success,2026-02-20T06:04:13.663802+00:00,1970-01-01T00:00:00+00:00
dacb3465-a059-46c3-a837-c88eb074fc01,2026-02-20T07:30:08+00:00,PROLOGUE_P1,Cloud handshake and prediction review completed.,,,,success,2026-02-20T07:33:23.909147+00:00,1970-01-01T00:00:00+00:00
e17eba07-8625-4e3c-bdde-8613e9980661,2026-02-20T13:29:30+00:00,CYCLE_START,Cycle #1 initiated.,,,,success,2026-02-20T13:30:55.354866+00:00,1970-01-01T00:00:00+00:00
d8643a2c-6fad-4616-ac6c-8c891a975f63,2026-02-20T14:55:14+00:00,SYSTEM_SYNC,"Full Chapter Sync (Manual Sync): 12 passed, 0 failed.",,,,success,2026-02-20T13:56:49.874104+00:00,1970-01-01T00:00:00+00:00
efa45d21-63c5-4657-8bb8-94251d9ccdcc,2026-02-20T16:07:27+00:00,STREAMER_START,"Mobile live score streamer v3.2 initialized (Headless, 60s).",,,,success,2026-02-20T15:42:07.145118+00:00,1970-01-01T00:00:00+00:00
f41a58e6-0b4a-411c-9780-8d0e6daab865,2026-02-20T15:40:39+00:00,CYCLE_START,Cycle #1 initiated.,,,,success,2026-02-20T15:42:07.145118+00:00,1970-01-01T00:00:00+00:00
f7c13359-feb6-4011-93d3-16da818e370a,2026-02-20T17:43:28+00:00,CH1_P1,Failed: BrowserContext.close: Protocol error (Target.disposeBrowserContext): Failed to find context with id 59B263A872BBC25FF73D0A3C6FE909C9,,,,failed,2026-02-20T17:46:30.51431+00:00,1970-01-01T00:00:00+00:00
d82f17ac-4af7-46ea-96a1-ed00e7834fd4,2026-02-20T17:51:54+00:00,SYSTEM_SYNC,"Full Chapter Sync (Chapter 1 Final): 12 passed, 0 failed.",,,,success,2026-02-20T17:56:28.189106+00:00,1970-01-01T00:00:00+00:00
f6057ad1-4fc2-4681-98cc-dae4a3591b5e,2026-02-20T17:51:55+00:00,CH1_P3,Final sync and recommendations completed.,,,,success,2026-02-20T17:56:28.189106+00:00,1970-01-01T00:00:00+00:00
d1f5e122-6272-4ffa-9b54-fe570b46446a,2026-02-20T17:59:24+00:00,CH2_P2,Withdrawal check completed. Balance: 0.0,,,,success,2026-02-20T18:00:51.070005+00:00,1970-01-01T00:00:00+00:00
ca271d23-22aa-4e33-a2d5-414e89f74535,2026-02-21T03:21:04+00:00,STREAMER_START,"Mobile live score streamer v3.2 initialized (Headless, 60s).",,,,success,2026-02-21T06:49:37.975456+00:00,1970-01-01T00:00:00+00:00
f1a7aca1-8f1f-42a9-9e22-8bb9a330f0c4,2026-02-21T04:38:30+00:00,STREAMER_START,"Mobile live score streamer v3.2 initialized (Headless, 60s).",,,,success,2026-02-21T06:49:37.975456+00:00,1970-01-01T00:00:00+00:00
df1cbb16-2458-49b0-8be3-a33429e84e55,2026-02-21T04:55:18+00:00,STREAMER_START,"Mobile live score streamer v3.2 initialized (Headless, 60s).",,,,success,2026-02-21T06:49:37.975456+00:00,1970-01-01T00:00:00+00:00
f749861b-46bf-4a2d-b960-ac11cf3e9e6f,2026-02-21T06:53:39+00:00,STREAMER_START,"Mobile live score streamer v3.2 initialized (Headless, 60s).",,,,success,2026-02-21T06:49:37.975456+00:00,1970-01-01T00:00:00+00:00
dff7e590-eb2d-4fa5-8064-14f1035fcbe7,2026-02-21T06:47:58+00:00,STREAMER_START,"Mobile live score streamer v3.2 initialized (Headless, 60s).",,,,success,2026-02-21T06:49:37.975456+00:00,1970-01-01T00:00:00+00:00
46bfb307-d620-44e0-89e1-4c0f380a3f1c,2026-02-21T09:39:04+00:00,SYSTEM_SYNC,"Full Chapter Sync (Manual Sync): 12 passed, 0 failed.",,,,success,2026-02-21T08:43:08.258039+00:00,1970-01-01T00:00:00+00:00
ae20c61f-7ae6-4c10-88fc-ad383e071b00,2026-02-21T16:22:30+00:00,CYCLE_START,Cycle #1 initiated.,,,,success,2026-02-21T15:28:35.609318+00:00,1970-01-01T00:00:00+00:00
043e75f2-8223-4221-8534-16258e61e43f,2026-02-21T08:43:08+00:00,SYSTEM_SYNC,"Full Chapter Sync (Schedule Extraction): 12 passed, 0 failed.",,,,success,2026-02-21T08:50:01.630716+00:00,1970-01-01T00:00:00+00:00
4a50f144-f439-487e-aa89-ce9ea710f106,2026-02-21T08:50:01+00:00,SYSTEM_SYNC,"Full Chapter Sync (Schedule Extraction): 12 passed, 0 failed.",,,,success,2026-02-21T08:53:33.248745+00:00,1970-01-01T00:00:00+00:00
99d880f4-8f0c-4da2-a46d-7ac43bc7b3b3,2026-02-21T08:50:40+00:00,STREAMER_START,"Mobile live score streamer v3.2 initialized (Headless, 60s).",,,,success,2026-02-21T08:53:33.248745+00:00,1970-01-01T00:00:00+00:00
2be390ab-4d61-42cb-8f62-f61b5a9b4c64,2026-02-21T09:45:10+00:00,SYSTEM_SYNC,"Full Chapter Sync (Manual Sync): 12 passed, 0 failed.",,,,success,2026-02-21T10:04:00.823058+00:00,1970-01-01T00:00:00+00:00
fb46b294-839b-4cde-a99e-3b979dd759bb,2026-02-21T09:54:22+00:00,STREAMER_START,"Mobile live score streamer v3.2 initialized (Headless, 60s).",,,,success,2026-02-21T10:04:00.823058+00:00,1970-01-01T00:00:00+00:00
8274f1ad-eb6e-4ffc-adad-7f4873b938e3,2026-02-21T10:36:14+00:00,STREAMER_START,"Mobile live score streamer v3.2 initialized (Headless, 60s).",,,,success,2026-02-21T10:43:54.444028+00:00,1970-01-01T00:00:00+00:00
baed4061-4e24-4486-b6c1-5b97515b6dcc,2026-02-21T11:05:57+00:00,STREAMER_START,"Mobile live score streamer v3.2 initialized (Headless, 60s).",,,,success,2026-02-21T11:11:41.812376+00:00,1970-01-01T00:00:00+00:00
459e9edf-5c7b-45af-97ff-62347b6c0823,2026-02-21T12:32:04+00:00,STREAMER_START,"Mobile live score streamer v3.2 initialized (Headless, 60s).",,,,success,2026-02-21T13:01:28.321035+00:00,1970-01-01T00:00:00+00:00
460910fb-a417-47ab-8cb2-fe5b0ac34311,2026-02-21T12:40:29+00:00,STREAMER_START,"Mobile live score streamer v3.2 initialized (Headless, 60s).",,,,success,2026-02-21T13:01:28.321035+00:00,1970-01-01T00:00:00+00:00
46c353dd-bc39-4047-8ee2-352afb8addbc,2026-02-21T13:01:28+00:00,SYSTEM_SYNC,"Full Chapter Sync (Deep Extraction Sample 5): 12 passed, 0 failed.",,,,success,2026-02-21T13:14:31.511077+00:00,1970-01-01T00:00:00+00:00
d50156c2-90c3-4573-bb99-65ea99fd2b1f,2026-02-21T13:14:32+00:00,SYSTEM_SYNC,"Full Chapter Sync (Deep Extraction Sample 10): 12 passed, 0 failed.",,,,success,2026-02-21T13:27:27.723004+00:00,1970-01-01T00:00:00+00:00
72776355-e7ef-4333-a55f-162341723976,2026-02-21T13:27:28+00:00,SYSTEM_SYNC,"Full Chapter Sync (Deep Extraction Sample 15): 12 passed, 0 failed.",,,,success,2026-02-21T13:40:13.868655+00:00,1970-01-01T00:00:00+00:00
56b34309-f7e8-4dd9-b544-c8f1e4399b80,2026-02-21T13:40:14+00:00,SYSTEM_SYNC,"Full Chapter Sync (Deep Extraction Sample 20): 12 passed, 0 failed.",,,,success,2026-02-21T14:00:07.593779+00:00,1970-01-01T00:00:00+00:00
9198d27f-db49-42ee-8996-9aa531043e8c,2026-02-21T14:00:08+00:00,SYSTEM_SYNC,"Full Chapter Sync (Deep Extraction Sample 25): 12 passed, 0 failed.",,,,success,2026-02-21T14:13:16.885137+00:00,1970-01-01T00:00:00+00:00
de044950-fdb3-434a-9217-0e61994339ec,2026-02-21T14:13:17+00:00,SYSTEM_SYNC,"Full Chapter Sync (Deep Extraction Sample 30): 12 passed, 0 failed.",,,,success,2026-02-21T14:45:24.387533+00:00,1970-01-01T00:00:00+00:00
11eed418-c4df-4242-a307-3382e381ad17,2026-02-21T12:57:17+00:00,STREAMER_START,"Mobile live score streamer v3.2 initialized (Headless, 60s).",,,,success,2026-02-21T14:55:31.887903+00:00,1970-01-01T00:00:00+00:00
0d58dba2-66b0-4498-922e-563a3031d2e3,2026-02-21T14:45:25+00:00,SYSTEM_SYNC,"Full Chapter Sync (Deep Extraction Sample 35): 12 passed, 0 failed.",,,,success,2026-02-21T15:08:24.122192+00:00,1970-01-01T00:00:00+00:00
95ade2d8-9bb0-4680-8432-a86f5c64973b,2026-02-21T15:08:25+00:00,SYSTEM_SYNC,"Full Chapter Sync (Deep Extraction Sample 40): 12 passed, 0 failed.",,,,success,2026-02-21T15:22:17.413334+00:00,1970-01-01T00:00:00+00:00
fec4d4f4-fcf6-4416-8525-d871381e0020,2026-02-21T16:32:54+00:00,STREAMER_START,"Mobile live score streamer v3.2 initialized (Headless, 60s).",,,,success,2026-02-22T16:39:03.998577+00:00,1970-01-01T00:00:00+00:00
7444ac53-163e-44ae-93be-612b9084aef0,2026-02-21T17:05:18+00:00,PROLOGUE_P1,Cloud handshake and prediction review completed.,,,,success,2026-02-22T16:39:03.998577+00:00,1970-01-01T00:00:00+00:00
63af4f14-8ca1-4875-8307-3748c101c5f2,2026-02-21T17:09:03+00:00,PROLOGUE_P2,Failed: [Errno 11001] getaddrinfo failed,,,,failed,2026-02-22T16:39:03.998577+00:00,1970-01-01T00:00:00+00:00
39b3ba4c-a5fc-4b39-9e0c-65b2c1823561,2026-02-21T17:13:30+00:00,SYSTEM_SYNC,"Full Chapter Sync (Ch1 P1): 10 passed, 2 failed. Errors: standings: [Errno 11001] getaddrinfo failed; audit_log: [Errno 11001] getaddrinfo failed",,,,partial_failure,2026-02-22T16:39:03.998577+00:00,1970-01-01T00:00:00+00:00
9f33239f-947c-4909-a151-97c41837b340,2026-02-21T17:13:30+00:00,CH1_P1,Flashscore extraction and analysis completed.,,,,success,2026-02-22T16:39:03.998577+00:00,1970-01-01T00:00:00+00:00
744b823e-254d-4e45-ae95-56d809e3fa32,2026-02-21T17:13:46+00:00,SYSTEM_SYNC,"Full Chapter Sync (Prologue Final): 10 passed, 2 failed. Errors: standings: [Errno 11001] getaddrinfo failed; audit_log: [Errno 11001] getaddrinfo failed",,,,partial_failure,2026-02-22T16:39:03.998577+00:00,1970-01-01T00:00:00+00:00
1961893e-0a21-4c4a-aa75-e7316e5cad2b,2026-02-21T17:13:46+00:00,PROLOGUE_P3,Accuracy generated and Prologue sync completed.,,,,success,2026-02-22T16:39:03.998577+00:00,1970-01-01T00:00:00+00:00
53f3e789-dc02-4ba3-96e0-f20c97957549,2026-02-21T17:26:24+00:00,SYSTEM_SYNC,"Full Chapter Sync (Ch1 P2): 10 passed, 2 failed. Errors: standings: [Errno 11001] getaddrinfo failed; audit_log: [Errno 11001] getaddrinfo failed",,,,partial_failure,2026-02-22T16:39:03.998577+00:00,1970-01-01T00:00:00+00:00
a497a482-4e8d-442b-8fbe-eb653a8bdf6f,2026-02-21T17:26:24+00:00,CH1_P2,Odds harvesting and URL resolution completed.,,,,success,2026-02-22T16:39:03.998577+00:00,1970-01-01T00:00:00+00:00
f7a01ab5-7667-4fac-a621-702cd3aecfce,2026-02-21T17:32:06+00:00,SYSTEM_SYNC,"Full Chapter Sync (Chapter 1 Final): 10 passed, 2 failed. Errors: standings: [Errno 11001] getaddrinfo failed; audit_log: [Errno 11001] getaddrinfo failed",,,,partial_failure,2026-02-22T16:39:03.998577+00:00,1970-01-01T00:00:00+00:00
8588dea9-b598-4564-b160-76683396856a,2026-02-21T17:32:06+00:00,CH1_P3_SYNC,Sync parity issues detected.,,,,partial_failure,2026-02-22T16:39:03.998577+00:00,1970-01-01T00:00:00+00:00
3b63a99d-e942-4bb0-8c11-435c9f7579c6,2026-02-21T17:32:10+00:00,CH1_P3,Final sync and recommendations completed.,,,,success,2026-02-22T16:39:03.998577+00:00,1970-01-01T00:00:00+00:00
cb6b038b-5256-4349-804e-f6a83a32cd83,2026-02-21T17:37:52+00:00,SYSTEM_SYNC,"Full Chapter Sync (Ch2 P1 Booking): 10 passed, 2 failed. Errors: standings: [Errno 11001] getaddrinfo failed; audit_log: [Errno 11001] getaddrinfo failed",,,,partial_failure,2026-02-22T16:39:03.998577+00:00,1970-01-01T00:00:00+00:00
25ad703d-b2f0-4ecd-8ae7-3cd200ae564c,2026-02-21T17:37:52+00:00,CH2_P1,Automated booking phase completed.,,,,success,2026-02-22T16:39:03.998577+00:00,1970-01-01T00:00:00+00:00
3d75e67a-bbc6-40ae-a036-e9f678947206,2026-02-21T17:38:14+00:00,CH2_P2,Withdrawal check completed. Balance: 0.0,,,,success,2026-02-22T16:39:03.998577+00:00,1970-01-01T00:00:00+00:00
f2903e2a-772d-44de-86b2-45f9b18f0206,2026-02-21T17:43:56+00:00,SYSTEM_SYNC,"Full Chapter Sync (Ch2 P2 Withdrawal): 10 passed, 2 failed. Errors: standings: [Errno 11001] getaddrinfo failed; audit_log: [Errno 11001] getaddrinfo failed",,,,partial_failure,2026-02-22T16:39:03.998577+00:00,1970-01-01T00:00:00+00:00
181d1c37-2c38-4764-8395-112c7ac22239,2026-02-21T17:43:56+00:00,OVERSIGHT_REPORT,"═══ Chief Engineer Oversight Report ═══
Cycle Count: #1
Uptime: 1:21:26.050920
Current Balance: ₦0.00
Booked: 0
Failed: 0

Health Check:
⚠️ Account balance is zero or unknown.
⚠️ Low prediction volume today: 0 (expected ≥5).",,,,success,2026-02-22T16:39:03.998577+00:00,1970-01-01T00:00:00+00:00
cf7c7dd8-278c-4718-8a36-f800220603bc,2026-02-21T17:43:56+00:00,CH3,Chief Engineer oversight completed.,,,,success,2026-02-22T16:39:03.998577+00:00,1970-01-01T00:00:00+00:00
1875ffb8-c9a1-4890-b25a-587e9a13d5d9,2026-02-21T17:49:38+00:00,SYSTEM_SYNC,"Full Chapter Sync (Ch3 Oversight): 10 passed, 2 failed. Errors: standings: [Errno 11001] getaddrinfo failed; audit_log: [Errno 11001] getaddrinfo failed",,,,partial_failure,2026-02-22T16:39:03.998577+00:00,1970-01-01T00:00:00+00:00
3b763226-13fb-460d-bc50-753399385d43,2026-02-21T17:49:38+00:00,CYCLE_COMPLETE,Cycle #1 finished.,,,,success,2026-02-22T16:39:03.998577+00:00,1970-01-01T00:00:00+00:00
76f09f07-fcb3-4729-9e87-4f351177ed4a,2026-02-22T01:42:09+00:00,CYCLE_START,Cycle #2 initiated.,,,,success,2026-02-22T16:39:03.998577+00:00,1970-01-01T00:00:00+00:00
ce5da183-6b81-4dbd-b1ba-2b78346c5768,2026-02-22T17:24:59+00:00,CYCLE_START,Cycle #1 initiated.,,,,success,2026-02-22T16:39:03.998577+00:00,1970-01-01T00:00:00+00:00
fa156b26-8bf4-4acc-aebb-f8c716da267a,2026-02-21T15:22:18+00:00,SYSTEM_SYNC,"Full Chapter Sync (Deep Extraction Sample 45): 12 passed, 0 failed.",,,,success,2026-02-21T15:35:27.411413+00:00,1970-01-01T00:00:00+00:00
5b187249-2484-453a-aa8e-d2ba8a4d412d,2026-02-21T15:35:28+00:00,SYSTEM_SYNC,"Full Chapter Sync (Deep Extraction Sample 50): 12 passed, 0 failed.",,,,success,2026-02-21T15:57:53.896502+00:00,1970-01-01T00:00:00+00:00
535917c9-dbf9-4542-86e9-2c31a6915307,2026-02-21T15:57:55+00:00,SYSTEM_SYNC,"Full Chapter Sync (Deep Extraction Sample 55): 12 passed, 0 failed.",,,,success,2026-02-21T16:11:33.155461+00:00,1970-01-01T00:00:00+00:00
4ff5b7d9-bc57-47f7-80cc-b625ffd65416,2026-02-21T16:11:34+00:00,SYSTEM_SYNC,"Full Chapter Sync (Deep Extraction Sample 60): 12 passed, 0 failed.",,,,success,2026-02-21T18:21:19.63522+00:00,1970-01-01T00:00:00+00:00
d18e2702-f0a4-4550-a0c4-88f911b15ce5,2026-02-21T18:21:20+00:00,SYSTEM_SYNC,"Full Chapter Sync (Deep Extraction Sample 5): 12 passed, 0 failed.",,,,success,2026-02-21T18:34:16.18462+00:00,1970-01-01T00:00:00+00:00
e322e75d-c429-4cee-a83b-2167aed103c8,2026-02-21T18:34:17+00:00,SYSTEM_SYNC,"Full Chapter Sync (Deep Extraction Sample 10): 12 passed, 0 failed.",,,,success,2026-02-21T19:06:09.484405+00:00,1970-01-01T00:00:00+00:00
2d3b311f-dc4b-4515-94ba-9f4cb0ea98c3,2026-02-21T19:06:10+00:00,SYSTEM_SYNC,"Full Chapter Sync (Deep Extraction Sample 15): 12 passed, 0 failed.",,,,success,2026-02-21T19:19:16.025439+00:00,1970-01-01T00:00:00+00:00
421882cf-4560-4eca-89c0-86ac1b112be2,2026-02-21T19:19:16+00:00,SYSTEM_SYNC,"Full Chapter Sync (Deep Extraction Sample 20): 12 passed, 0 failed.",,,,success,2026-02-21T19:32:44.000221+00:00,1970-01-01T00:00:00+00:00
741e82b4-50d8-45b7-83e5-c29b0dec9eed,2026-02-21T19:32:45+00:00,SYSTEM_SYNC,"Full Chapter Sync (Deep Extraction Sample 25): 12 passed, 0 failed.",,,,success,2026-02-21T19:45:46.074603+00:00,1970-01-01T00:00:00+00:00
673df094-1642-4763-a934-fa4be032c639,2026-02-21T19:45:47+00:00,SYSTEM_SYNC,"Full Chapter Sync (Deep Extraction Sample 30): 12 passed, 0 failed.",,,,success,2026-02-21T19:57:28.508952+00:00,1970-01-01T00:00:00+00:00
be53687d-667f-4c1f-8487-5208ef074bc2,2026-02-21T19:57:29+00:00,SYSTEM_SYNC,"Full Chapter Sync (Deep Extraction Sample 35): 12 passed, 0 failed.",,,,success,2026-02-21T20:12:07.296108+00:00,1970-01-01T00:00:00+00:00
bc7129bc-6e27-4733-ba33-18d36d255d81,2026-02-21T20:12:08+00:00,SYSTEM_SYNC,"Full Chapter Sync (Deep Extraction Sample 40): 12 passed, 0 failed.",,,,success,2026-02-21T20:25:55.454431+00:00,1970-01-01T00:00:00+00:00
fdbec7f4-1324-4674-bed6-f160878431c7,2026-02-21T18:05:58+00:00,STREAMER_START,"Mobile live score streamer v3.2 initialized (Headless, 60s).",,,,success,2026-02-21T20:38:04.627053+00:00,1970-01-01T00:00:00+00:00
c37e69da-7ba7-470d-9a72-0d5eb3c6436a,2026-02-21T20:38:05+00:00,SYSTEM_SYNC,"Full Chapter Sync (Schedule Extraction): 12 passed, 0 failed.",,,,success,2026-02-21T20:40:22.782189+00:00,1970-01-01T00:00:00+00:00
d56d7a47-b38d-4b36-a709-5ea8ab22d6ec,2026-02-21T20:25:56+00:00,SYSTEM_SYNC,"Full Chapter Sync (Deep Extraction Sample 45): 12 passed, 0 failed.",,,,success,2026-02-21T20:44:44.067949+00:00,1970-01-01T00:00:00+00:00
3dcef292-58a2-40a2-a415-6dc50fb1d65d,2026-02-21T20:44:45+00:00,SYSTEM_SYNC,"Full Chapter Sync (Deep Extraction Sample 50): 12 passed, 0 failed.",,,,success,2026-02-21T21:03:24.156427+00:00,1970-01-01T00:00:00+00:00
83904402-4024-4b86-8db7-d7c93dc6c59c,2026-02-21T21:03:25+00:00,SYSTEM_SYNC,"Full Chapter Sync (Deep Extraction Sample 55): 12 passed, 0 failed.",,,,success,2026-02-21T21:19:45.172895+00:00,1970-01-01T00:00:00+00:00
90617578-b789-4a78-82e3-9887ac5e5e32,2026-02-21T21:19:46+00:00,SYSTEM_SYNC,"Full Chapter Sync (Deep Extraction Sample 60): 12 passed, 0 failed.",,,,success,2026-02-21T21:35:24.11285+00:00,1970-01-01T00:00:00+00:00
a3ac17f9-3772-47d4-9786-f5ab62922b4c,2026-02-22T17:45:07+00:00,STREAMER_START,"Mobile live score streamer v3.2 initialized (Headless, 60s).",,,,success,2026-02-22T17:26:14.993782+00:00,1970-01-01T00:00:00+00:00
1dae4056-a00c-45cb-a361-ab1e1519233d,2026-02-22T17:55:00+00:00,PROLOGUE_P1,Cloud handshake and prediction review completed.,,,,success,2026-02-22T17:26:14.993782+00:00,1970-01-01T00:00:00+00:00
73c60068-38db-4539-9422-6a3d266bbe9b,2026-02-22T18:50:04+00:00,PROLOGUE_P2,Failed: Browser.close: Connection closed while reading from the driver,,,,failed,2026-02-22T18:02:31.801794+00:00,1970-01-01T00:00:00+00:00
ee85c7d2-5f17-448d-a085-404d8893d3b5,2026-02-22T19:02:33+00:00,SYSTEM_SYNC,"Full Chapter Sync (Prologue Final): 12 passed, 0 failed.",,,,success,2026-02-23T03:27:00.76964+00:00,1970-01-01T00:00:00+00:00
b49b988e-3874-43de-813d-2b4905e7680d,2026-02-22T19:02:33+00:00,PROLOGUE_P3,Accuracy generated and Prologue sync completed.,,,,success,2026-02-23T03:27:00.76964+00:00,1970-01-01T00:00:00+00:00
9b8cea3d-0cb2-4e63-9d63-262a33d7b7d8,2026-02-22T19:02:33+00:00,CH1_P1,Failed: BrowserContext.close: Connection closed while reading from the driver,,,,failed,2026-02-23T03:27:00.76964+00:00,1970-01-01T00:00:00+00:00
a4529c84-6bda-4859-aeba-018bfd450b4d,2026-02-22T20:29:36+00:00,STREAMER_START,"Mobile live score streamer v3.2 initialized (Headless, 60s).",,,,success,2026-02-23T03:27:00.76964+00:00,1970-01-01T00:00:00+00:00
c48ab7e8-e450-4d4d-9e23-598d79cfbb0d,2026-02-21T21:35:24+00:00,SYSTEM_SYNC,"Full Chapter Sync (Deep Extraction Sample 65): 12 passed, 0 failed.",,,,success,2026-02-22T18:05:38.029235+00:00,1970-01-01T00:00:00+00:00
afad423c-af24-4d7b-8026-1df9afd1d2ec,2026-02-22T18:05:39+00:00,SYSTEM_SYNC,"Full Chapter Sync (Deep Extraction Sample 5): 12 passed, 0 failed.",,,,success,2026-02-22T18:20:20.102674+00:00,1970-01-01T00:00:00+00:00
fe55cc75-383d-4682-82f7-8295ad5735d8,2026-02-22T18:20:21+00:00,SYSTEM_SYNC,"Full Chapter Sync (Deep Extraction Sample 10): 12 passed, 0 failed.",,,,success,2026-02-22T18:59:05.400917+00:00,1970-01-01T00:00:00+00:00
834dacca-57c3-4d3c-9478-679e7ef5ee02,2026-02-22T18:59:06+00:00,SYSTEM_SYNC,"Full Chapter Sync (Deep Extraction Sample 15): 12 passed, 0 failed.",,,,success,2026-02-22T19:51:41.305458+00:00,1970-01-01T00:00:00+00:00
42b7008b-b564-4b71-b81c-00c69d6c80cb,2026-02-22T19:51:43+00:00,SYSTEM_SYNC,"Full Chapter Sync (Deep Extraction Sample 5): 12 passed, 0 failed.",,,,success,2026-02-22T20:11:59.540574+00:00,1970-01-01T00:00:00+00:00
14d17595-2de5-4170-a727-eff0bcce0610,2026-02-22T20:12:00+00:00,SYSTEM_SYNC,"Full Chapter Sync (Deep Extraction Sample 10): 12 passed, 0 failed.",,,,success,2026-02-22T20:25:14.735805+00:00,1970-01-01T00:00:00+00:00
f7bac7fb-3b4c-4f36-b40b-1d4dc3341f2e,2026-02-22T20:25:15+00:00,SYSTEM_SYNC,"Full Chapter Sync (Deep Extraction Sample 15): 12 passed, 0 failed.",,,,success,2026-02-22T20:38:59.643407+00:00,1970-01-01T00:00:00+00:00
86241fd1-456f-429a-9ca0-9ca593f52d7d,2026-02-22T20:39:00+00:00,SYSTEM_SYNC,"Full Chapter Sync (Deep Extraction Sample 20): 12 passed, 0 failed.",,,,success,2026-02-22T20:51:50.769015+00:00,1970-01-01T00:00:00+00:00
6ed0dc8e-b549-43b1-8b14-27f3a5a3ae6f,2026-02-22T20:51:52+00:00,SYSTEM_SYNC,"Full Chapter Sync (Deep Extraction Sample 25): 12 passed, 0 failed.",,,,success,2026-02-22T21:04:42.499066+00:00,1970-01-01T00:00:00+00:00
b9a9f3bc-ee9a-446e-9815-c0f327193e5a,2026-02-22T21:04:43+00:00,SYSTEM_SYNC,"Full Chapter Sync (Deep Extraction Sample 30): 12 passed, 0 failed.",,,,success,2026-02-22T21:22:10.420193+00:00,1970-01-01T00:00:00+00:00
55055555-eae3-4321-9fdd-5a4dc083d849,2026-02-22T21:22:11+00:00,SYSTEM_SYNC,"Full Chapter Sync (Deep Extraction Sample 35): 12 passed, 0 failed.",,,,success,2026-02-22T21:40:28.162451+00:00,1970-01-01T00:00:00+00:00
1b1218ac-cbde-497e-8302-1ef25e21a9b4,2026-02-22T21:40:29+00:00,SYSTEM_SYNC,"Full Chapter Sync (Deep Extraction Sample 40): 12 passed, 0 failed.",,,,success,2026-02-22T21:56:29.880468+00:00,1970-01-01T00:00:00+00:00
5db27cdd-5943-419b-891f-dbbdd73688ed,2026-02-22T21:56:31+00:00,SYSTEM_SYNC,"Full Chapter Sync (Deep Extraction Sample 45): 12 passed, 0 failed.",,,,success,2026-02-22T22:12:24.46153+00:00,1970-01-01T00:00:00+00:00
caaced12-5c88-4bb9-862a-4f922d866ee9,2026-02-22T22:12:25+00:00,SYSTEM_SYNC,"Full Chapter Sync (Deep Extraction Sample 50): 12 passed, 0 failed.",,,,success,2026-02-22T22:28:01.556174+00:00,1970-01-01T00:00:00+00:00
faca61d8-1609-4782-86e2-ca05e311c8b5,2026-02-22T22:28:02+00:00,SYSTEM_SYNC,"Full Chapter Sync (Deep Extraction Sample 55): 12 passed, 0 failed.",,,,success,2026-02-22T22:44:20.208686+00:00,1970-01-01T00:00:00+00:00
76e62d23-d63e-460b-8fb7-a11e9821cbce,2026-02-22T22:44:21+00:00,SYSTEM_SYNC,"Full Chapter Sync (Deep Extraction Sample 60): 12 passed, 0 failed.",,,,success,2026-02-22T22:59:57.573173+00:00,1970-01-01T00:00:00+00:00
6ea6656f-de63-4d5f-a2ce-ab612832f0bc,2026-02-22T22:59:58+00:00,SYSTEM_SYNC,"Full Chapter Sync (Deep Extraction Sample 65): 12 passed, 0 failed.",,,,success,2026-02-22T23:15:56.810871+00:00,1970-01-01T00:00:00+00:00
76b5e03f-8e84-43dc-ae90-036298cd8a23,2026-02-22T23:15:57+00:00,SYSTEM_SYNC,"Full Chapter Sync (Deep Extraction Sample 70): 12 passed, 0 failed.",,,,success,2026-02-23T00:53:25.706262+00:00,1970-01-01T00:00:00+00:00
00b832b3-524a-46d6-b34d-edd9b2f7628a,2026-02-23T00:53:26+00:00,SYSTEM_SYNC,"Full Chapter Sync (Manual Sync): 12 passed, 0 failed.",,,,success,2026-02-23T01:16:48.736788+00:00,1970-01-01T00:00:00+00:00
6f753656-2636-4d32-8bff-664a418e874e,2026-02-23T01:16:49+00:00,SYSTEM_SYNC,"Full Chapter Sync (Deep Extraction Sample 5): 12 passed, 0 failed.",,,,success,2026-02-23T01:33:28.036954+00:00,1970-01-01T00:00:00+00:00
fd89e09b-9deb-4133-8b89-cb378a089191,2026-02-23T01:33:29+00:00,SYSTEM_SYNC,"Full Chapter Sync (Deep Extraction Sample 10): 12 passed, 0 failed.",,,,success,2026-02-23T01:49:22.03156+00:00,1970-01-01T00:00:00+00:00
0581fc7a-4388-4121-9395-e47451759ec7,2026-02-23T01:49:23+00:00,SYSTEM_SYNC,"Full Chapter Sync (Deep Extraction Sample 15): 12 passed, 0 failed.",,,,success,2026-02-23T02:05:15.591482+00:00,1970-01-01T00:00:00+00:00
ab398070-c055-4645-9c7e-1a973119b6b4,2026-02-23T02:05:16+00:00,SYSTEM_SYNC,"Full Chapter Sync (Deep Extraction Sample 20): 12 passed, 0 failed.",,,,success,2026-02-23T02:19:11.207176+00:00,1970-01-01T00:00:00+00:00
209d1682-9456-4da6-9291-6d3be0be14e0,2026-02-23T02:19:12+00:00,SYSTEM_SYNC,"Full Chapter Sync (Deep Extraction Sample 25): 12 passed, 0 failed.",,,,success,2026-02-23T02:36:29.698342+00:00,1970-01-01T00:00:00+00:00
be4902e5-f1cc-433d-be87-6c1959e12ecd,2026-02-23T02:36:30+00:00,SYSTEM_SYNC,"Full Chapter Sync (Deep Extraction Sample 30): 12 passed, 0 failed.",,,,success,2026-02-23T02:52:26.448565+00:00,1970-01-01T00:00:00+00:00
fb2165b3-cfad-4b4a-88bc-6d1caa101808,2026-02-23T02:52:27+00:00,SYSTEM_SYNC,"Full Chapter Sync (Deep Extraction Sample 35): 12 passed, 0 failed.",,,,success,2026-02-23T03:07:46.643584+00:00,1970-01-01T00:00:00+00:00
7c887f71-0265-4371-9063-f6490e788a0a,2026-02-23T03:07:47+00:00,SYSTEM_SYNC,"Full Chapter Sync (Deep Extraction Sample 40): 12 passed, 0 failed.",,,,success,2026-02-23T03:23:06.509501+00:00,1970-01-01T00:00:00+00:00
e6eb72a4-7d5f-4cd7-8d1f-b8a0cde12b76,2026-02-23T04:27:03+00:00,SYSTEM_SYNC,"Full Chapter Sync (Manual Sync): 12 passed, 0 failed.",,,,success,2026-02-23T04:19:13.697756+00:00,1970-01-01T00:00:00+00:00
734973c7-3972-4be5-bedf-9ee6fcb1e0a0,2026-02-23T03:23:07+00:00,SYSTEM_SYNC,"Full Chapter Sync (Deep Extraction Sample 45): 12 passed, 0 failed.",,,,success,2026-02-23T03:38:29.605927+00:00,1970-01-01T00:00:00+00:00
fb06d6f5-c56f-4f7e-9e28-9cd83a58e564,2026-02-23T03:38:30+00:00,SYSTEM_SYNC,"Full Chapter Sync (Deep Extraction Sample 50): 12 passed, 0 failed.",,,,success,2026-02-23T03:52:35.070616+00:00,1970-01-01T00:00:00+00:00
f17b662f-c5ad-4a35-ac71-e52374921708,2026-02-23T03:52:36+00:00,SYSTEM_SYNC,"Full Chapter Sync (Deep Extraction Sample 55): 12 passed, 0 failed.",,,,success,2026-02-23T04:08:54.579172+00:00,1970-01-01T00:00:00+00:00
8118e3c7-74fc-45f0-947d-0d4922f0ab76,2026-02-23T05:19:14+00:00,SYSTEM_SYNC,"Full Chapter Sync (Manual Sync): 12 passed, 0 failed.",,,,success,2026-02-23T06:11:48.378591+00:00,1970-01-01T00:00:00+00:00
336525ba-67e2-494b-8963-98f0c4667265,2026-02-23T07:07:16+00:00,SYSTEM_SYNC,"Full Chapter Sync (Manual Sync): 10 passed, 2 failed. Errors: standings: object APIResponse can't be used in 'await' expression; audit_log: object APIResponse can't be used in 'await' expression",,,,partial_failure,2026-02-23T06:11:48.378591+00:00,1970-01-01T00:00:00+00:00
cb2b4699-9341-436e-84f7-f633940ae8e3,2026-02-23T04:08:55+00:00,SYSTEM_SYNC,"Full Chapter Sync (Deep Extraction Sample 60): 12 passed, 0 failed.",,,,success,2026-02-23T04:23:26.653516+00:00,1970-01-01T00:00:00+00:00
45d360a1-a048-47a2-b54f-cefebaf41249,2026-02-23T04:23:27+00:00,SYSTEM_SYNC,"Full Chapter Sync (Deep Extraction Sample 65): 12 passed, 0 failed.",,,,success,2026-02-23T04:39:54.719468+00:00,1970-01-01T00:00:00+00:00
eed1b381-ab3a-4916-b2e7-907c44d6aad4,2026-02-23T04:39:55+00:00,SYSTEM_SYNC,"Full Chapter Sync (Deep Extraction Sample 70): 12 passed, 0 failed.",,,,success,2026-02-23T04:57:33.978354+00:00,1970-01-01T00:00:00+00:00
f488ade8-4bdb-4a69-86b1-3a238efaa243,2026-02-23T04:57:35+00:00,SYSTEM_SYNC,"Full Chapter Sync (Deep Extraction Sample 75): 12 passed, 0 failed.",,,,success,2026-02-23T05:15:00.212624+00:00,1970-01-01T00:00:00+00:00
f0df3d34-5d30-44dc-ae71-14555aa030c2,2026-02-23T05:15:01+00:00,SYSTEM_SYNC,"Full Chapter Sync (Deep Extraction Sample 80): 12 passed, 0 failed.",,,,success,2026-02-23T05:28:50.370721+00:00,1970-01-01T00:00:00+00:00
cfe00387-1d3c-4395-8a2c-3308dcef4956,2026-02-23T05:28:51+00:00,SYSTEM_SYNC,"Full Chapter Sync (Deep Extraction Sample 85): 12 passed, 0 failed.",,,,success,2026-02-23T05:35:30.959254+00:00,1970-01-01T00:00:00+00:00
43259147-e4de-423d-a3fd-0dcfcca95d60,2026-02-23T05:35:31+00:00,SYSTEM_SYNC,"Full Chapter Sync (Deep Extraction Sample 90): 12 passed, 0 failed.",,,,success,2026-02-23T05:56:39.227486+00:00,1970-01-01T00:00:00+00:00
5c2bc33f-32bc-4544-8b76-72b24bec7c2c,2026-02-23T07:11:50+00:00,SYSTEM_SYNC,"Full Chapter Sync (Manual Sync): 12 passed, 0 failed.",,,,success,2026-02-23T06:26:45.164665+00:00,1970-01-01T00:00:00+00:00
5ba790fe-9dcf-452c-a048-7256d231f712,2026-02-23T05:56:40+00:00,SYSTEM_SYNC,"Full Chapter Sync (Deep Extraction Sample 95): 12 passed, 0 failed.",,,,success,2026-02-23T06:12:34.866817+00:00,1970-01-01T00:00:00+00:00
e31a8be6-df68-44d5-99c7-7fb2dabf5234,2026-02-23T06:12:36+00:00,SYSTEM_SYNC,"Full Chapter Sync (Deep Extraction Sample 100): 12 passed, 0 failed.",,,,success,2026-02-23T06:28:02.731355+00:00,1970-01-01T00:00:00+00:00
343d47ea-f46f-49aa-b9ab-6a87db9047ec,2026-02-21T20:40:23+00:00,SYSTEM_SYNC,"Full Chapter Sync (Manual Sync): 12 passed, 0 failed.",,,,success,2026-02-23T06:39:38.402608+00:00,1970-01-01T00:00:00+00:00
fcb493e8-a34a-4d9a-8ff8-6308542ad7a7,2026-02-23T06:28:03+00:00,SYSTEM_SYNC,"Full Chapter Sync (Deep Extraction Sample 105): 12 passed, 0 failed.",,,,success,2026-02-23T06:43:32.39214+00:00,1970-01-01T00:00:00+00:00
6c14f756-6bfe-4e97-b991-fd89e89d1636,2026-02-23T06:43:33+00:00,SYSTEM_SYNC,"Full Chapter Sync (Deep Extraction Sample 110): 12 passed, 0 failed.",,,,success,2026-02-23T06:59:51.635072+00:00,1970-01-01T00:00:00+00:00
acf382c5-4141-4dd1-968f-ca76229e9064,2026-02-23T06:59:52+00:00,SYSTEM_SYNC,"Full Chapter Sync (Deep Extraction Sample 115): 12 passed, 0 failed.",,,,success,2026-02-23T07:15:00.005587+00:00,1970-01-01T00:00:00+00:00
9abbd344-f4ee-4e3b-9488-bce25ad77491,2026-02-23T07:15:01+00:00,SYSTEM_SYNC,"Full Chapter Sync (Deep Extraction Sample 120): 12 passed, 0 failed.",None,None,None,success,2026-02-23T07:34:14.416127+00:00,1970-01-01T00:00:00+00:00
512f4a89-1ed4-4cfa-9f6c-017945fcd702,2026-02-23T09:51:01+00:00,CYCLE_START,Cycle #1 initiated.,None,None,None,success,2026-02-23T09:53:06.597032+00:00,1970-01-01T00:00:00+00:00
c8e38f7e-f989-4fa8-aa8f-3d677c64d82e,2026-02-23T09:54:45+00:00,STREAMER_START,"Mobile live score streamer v3.2 initialized (Headless, 60s).",None,None,None,success,2026-02-23T10:38:59.979775+00:00,1970-01-01T00:00:00+00:00
c8153370-906a-4ef4-875c-f45464f3190a,2026-02-23T10:36:53+00:00,CYCLE_START,Cycle #1 initiated.,None,None,None,success,2026-02-23T10:38:59.979775+00:00,1970-01-01T00:00:00+00:00
6ea7ede4-7532-4231-ad59-77a65d597293,2026-02-23T10:40:21+00:00,STREAMER_START,"Mobile live score streamer v3.2 initialized (Headless, 60s).",None,None,None,success,2026-02-23T11:04:51.659975+00:00,1970-01-01T00:00:00+00:00
144007d0-3008-4573-97e4-2b9adc11bdf0,2026-02-23T11:02:44+00:00,PROLOGUE_P1,Cloud handshake and prediction review completed.,None,None,None,success,2026-02-23T11:04:51.659975+00:00,1970-01-01T00:00:00+00:00
3ff5e30f-f91b-456a-a4a9-773be3e57da8,2026-02-24 20:51:31,SYSTEM_SYNC,"Full Chapter Sync (Manual Sync): 12 passed, 0 failed.",,,,success
