standings_key,league_id,team_id,team_name,position,played,wins,draws,losses,goals_for,goals_against,goal_difference,points,last_updated,region_league
BRASILEIRO_U20_0LBNCRXF,BRASILEIRO_U20,0lBncrxF,Cuiaba U20,11,0.0,1.0,2.0,-1.0,2.0,3.0,-1.0,3.0,2026-02-26T15:06:31.988336+00:00,BRAZIL - BRASILEIRO U20 - ROUND 2
BRASILEIRO_U20_6MZ6F5U3,BRASILEIRO_U20,6mZ6F5u3,America MG U20,16,1.0,1.0,2.0,-4.0,2.0,6.0,-4.0,1.0,2026-02-26T15:06:31.988336+00:00,BRAZIL - BRASILEIRO U20 - ROUND 2
BRASILEIRO_U20_CXW7LOJ1,BRASILEIRO_U20,CxW7lOJ1,Avai U20,19,0.0,1.0,0.0,-1.0,0.0,1.0,-1.0,0.0,2026-02-26T15:06:31.988336+00:00,BRAZIL - BRASILEIRO U20 - ROUND 2
BRASILEIRO_U20_CYX7TJKC,BRASILEIRO_U20,CYX7TjKC,Athletico-PR U20,7,0.0,1.0,4.0,1.0,4.0,3.0,1.0,3.0,2026-02-26T15:06:31.988336+00:00,BRAZIL - BRASILEIRO U20 - ROUND 2
BRASILEIRO_U20_DDNDGGEC,BRASILEIRO_U20,ddNdggeC,Flamengo RJ U20,10,0.0,1.0,7.0,-1.0,7.0,8.0,-1.0,3.0,2026-02-26T15:06:31.988336+00:00,BRAZIL - BRASILEIRO U20 - ROUND 2
BRASILEIRO_U20_DKYIFFMT,BRASILEIRO_U20,dKYIffmT,Gremio U20,20,0.0,2.0,3.0,-6.0,3.0,9.0,-6.0,0.0,2026-02-26T15:06:31.988336+00:00,BRAZIL - BRASILEIRO U20 - ROUND 2
BRASILEIRO_U20_FIMQUBCQ,BRASILEIRO_U20,fiMQubcQ,Botafogo U20,18,0.0,1.0,1.0,-1.0,1.0,2.0,-1.0,0.0,2026-02-26T15:06:31.988336+00:00,BRAZIL - BRASILEIRO U20 - ROUND 2
BRASILEIRO_U20_GAECHD3I,BRASILEIRO_U20,GAECHd3I,Criciuma U20,9,0.0,1.0,3.0,0.0,3.0,3.0,0.0,3.0,2026-02-26T15:06:31.988336+00:00,BRAZIL - BRASILEIRO U20 - ROUND 2
BRASILEIRO_U20_IDRRFOCO,BRASILEIRO_U20,IDRRFocO,Cruzeiro U20,8,0.0,1.0,3.0,1.0,3.0,2.0,1.0,3.0,2026-02-26T15:06:31.988336+00:00,BRAZIL - BRASILEIRO U20 - ROUND 2
BRASILEIRO_U20_K0CAXRLM,BRASILEIRO_U20,K0CAXRlm,RB Bragantino U20,14,1.0,1.0,5.0,-2.0,5.0,7.0,-2.0,1.0,2026-02-26T15:06:31.988336+00:00,BRAZIL - BRASILEIRO U20 - ROUND 2
BRASILEIRO_U20_KPXXEEBN,BRASILEIRO_U20,KpxXEEbn,Vasco U20,1,0.0,0.0,7.0,4.0,7.0,3.0,4.0,6.0,2026-02-26T15:06:31.988336+00:00,BRAZIL - BRASILEIRO U20 - ROUND 2
BRASILEIRO_U20_LWAGYHL2,BRASILEIRO_U20,lWAgyHl2,Sao Paulo U20,4,1.0,0.0,5.0,1.0,5.0,4.0,1.0,4.0,2026-02-26T15:06:31.988336+00:00,BRAZIL - BRASILEIRO U20 - ROUND 2
BRASILEIRO_U20_OASCNHXJ,BRASILEIRO_U20,OAScnHxJ,Vitoria U20,5,1.0,0.0,2.0,1.0,2.0,1.0,1.0,4.0,2026-02-26T15:06:31.988336+00:00,BRAZIL - BRASILEIRO U20 - ROUND 2
BRASILEIRO_U20_OO3BPGZ5,BRASILEIRO_U20,OO3bpgZ5,Fluminense U20,12,2.0,0.0,4.0,0.0,4.0,4.0,0.0,2.0,2026-02-26T15:06:31.988336+00:00,BRAZIL - BRASILEIRO U20 - ROUND 2
BRASILEIRO_U20_T0BITB0E,BRASILEIRO_U20,t0bitb0E,Fortaleza U20,13,2.0,0.0,2.0,0.0,2.0,2.0,0.0,2.0,2026-02-26T15:06:31.988336+00:00,BRAZIL - BRASILEIRO U20 - ROUND 2
BRASILEIRO_U20_U7ZIAWSM,BRASILEIRO_U20,U7zIAwsm,Bahia U20,17,0.0,1.0,1.0,-1.0,1.0,2.0,-1.0,0.0,2026-02-26T15:06:31.988336+00:00,BRAZIL - BRASILEIRO U20 - ROUND 2
BRASILEIRO_U20_VZKD15GK,BRASILEIRO_U20,vZKd15Gk,Corinthians U20,6,0.0,0.0,4.0,4.0,4.0,0.0,4.0,3.0,2026-02-26T15:06:31.988336+00:00,BRAZIL - BRASILEIRO U20 - ROUND 2
BRASILEIRO_U20_XGDABU3R,BRASILEIRO_U20,xGDabU3R,Juventude U20,15,1.0,1.0,1.0,-2.0,1.0,3.0,-2.0,1.0,2026-02-26T15:06:31.988336+00:00,BRAZIL - BRASILEIRO U20 - ROUND 2
BRASILEIRO_U20_YBNXBQYG,BRASILEIRO_U20,YBnXbQYG,Santos U20,2,0.0,0.0,5.0,4.0,5.0,1.0,4.0,6.0,2026-02-26T15:06:31.988336+00:00,BRAZIL - BRASILEIRO U20 - ROUND 2
BRASILEIRO_U20_ZEHZAVPU,BRASILEIRO_U20,zeHzAVPu,Palmeiras U20,3,1.0,0.0,8.0,3.0,8.0,5.0,3.0,4.0,2026-02-26T15:06:31.988336+00:00,BRAZIL - BRASILEIRO U20 - ROUND 2
CARIOCA_6IDITLQA,CARIOCA,6idiTLqA,Sampaio Correa FE,1,1.0,0.0,8.0,5.0,8.0,3.0,5.0,7.0,2026-02-26T14:56:46.934416+00:00,BRAZIL - CARIOCA - RELEGATION GROUP - ROUND 4
CARIOCA_6ZOUJ7TC,CARIOCA,6ZOUj7Tc,Nova Iguacu,4,2.0,1.0,2.0,-1.0,2.0,3.0,-1.0,2.0,2026-02-26T14:56:46.934416+00:00,BRAZIL - CARIOCA - RELEGATION GROUP - ROUND 4
CARIOCA_MVETMLII,CARIOCA,MVetMLIi,Portuguesa RJ,2,1.0,1.0,5.0,1.0,5.0,4.0,1.0,4.0,2026-02-26T14:56:46.934416+00:00,BRAZIL - CARIOCA - RELEGATION GROUP - ROUND 4
CARIOCA_XW7XJZKH,CARIOCA,xW7xjZkH,Marica,3,0.0,2.0,1.0,-5.0,1.0,6.0,-5.0,3.0,2026-02-26T14:56:46.934416+00:00,BRAZIL - CARIOCA - RELEGATION GROUP - ROUND 4
CATARINENSE_4WLWHBGF,CATARINENSE,4WlWHbGF,Marcilio Dias,1,1.0,0.0,7.0,4.0,7.0,3.0,4.0,10.0,2026-02-26T14:57:29.908456+00:00,BRAZIL - CATARINENSE - RELEGATION GROUP - ROUND 5
CATARINENSE_JOO7TFHP,CATARINENSE,joO7tfhP,Figueirense,3,0.0,3.0,1.0,-2.0,1.0,3.0,-2.0,4.0,2026-02-26T14:57:29.908456+00:00,BRAZIL - CATARINENSE - RELEGATION GROUP - ROUND 5
CATARINENSE_O65NCMEB,CATARINENSE,O65ncMeB,Carlos Renaux,2,1.0,1.0,4.0,-1.0,4.0,5.0,-1.0,7.0,2026-02-26T14:57:29.908456+00:00,BRAZIL - CATARINENSE - RELEGATION GROUP - ROUND 5
CATARINENSE_QAMTNJZC,CATARINENSE,QamTNjZC,Joinville,4,0.0,3.0,6.0,-1.0,6.0,7.0,-1.0,3.0,2026-02-26T14:57:29.908456+00:00,BRAZIL - CATARINENSE - RELEGATION GROUP - ROUND 5
CONCACAF_CHAMPIONSHIP_U20_4UFBNSVC,CONCACAF_CHAMPIONSHIP_U20,4UFbNsVc,Sint Maarten U20,3,1.0,0.0,1.0,0.0,1.0,1.0,0.0,1.0,2026-02-26T15:48:41.836094+00:00,NORTH & CENTRAL AMERICA - CONCACAF CHAMPIONSHIP U20 - QUALIFICATION
CONCACAF_CHAMPIONSHIP_U20_C0CPNK4R,CONCACAF_CHAMPIONSHIP_U20,C0CPNk4R,Nicaragua U20,4,0.0,1.0,0.0,-2.0,0.0,2.0,-2.0,0.0,2026-02-26T15:50:02.226668+00:00,NORTH & CENTRAL AMERICA - CONCACAF CHAMPIONSHIP U20 - QUALIFICATION
CONCACAF_CHAMPIONSHIP_U20_CSV7HMMD,CONCACAF_CHAMPIONSHIP_U20,CSv7hMmd,Saint Vincent and the Grenadines U20,1,0.0,0.0,6.0,6.0,6.0,0.0,6.0,3.0,2026-02-26T15:49:12.080474+00:00,NORTH & CENTRAL AMERICA - CONCACAF CHAMPIONSHIP U20 - QUALIFICATION
CONCACAF_CHAMPIONSHIP_U20_EEOYT23G,CONCACAF_CHAMPIONSHIP_U20,EeOyT23G,Canada U20,3,0.0,0.0,0.0,0.0,0.0,0.0,0.0,0.0,2026-02-26T15:50:02.226668+00:00,NORTH & CENTRAL AMERICA - CONCACAF CHAMPIONSHIP U20 - QUALIFICATION
CONCACAF_CHAMPIONSHIP_U20_EPNC7L2K,CONCACAF_CHAMPIONSHIP_U20,EPnc7L2k,Guyana U20,4,0.0,1.0,2.0,-1.0,2.0,3.0,-1.0,0.0,2026-02-26T15:49:12.080474+00:00,NORTH & CENTRAL AMERICA - CONCACAF CHAMPIONSHIP U20 - QUALIFICATION
CONCACAF_CHAMPIONSHIP_U20_EXJ8IGY8,CONCACAF_CHAMPIONSHIP_U20,EXj8IGy8,Bermuda U20,2,1.0,0.0,2.0,0.0,2.0,2.0,0.0,1.0,2026-02-26T15:48:41.836094+00:00,NORTH & CENTRAL AMERICA - CONCACAF CHAMPIONSHIP U20 - QUALIFICATION
CONCACAF_CHAMPIONSHIP_U20_IZLNQGAR,CONCACAF_CHAMPIONSHIP_U20,IZLNqGaR,Anguilla U20,5,0.0,1.0,0.0,-6.0,0.0,6.0,-6.0,0.0,2026-02-26T15:49:12.080474+00:00,NORTH & CENTRAL AMERICA - CONCACAF CHAMPIONSHIP U20 - QUALIFICATION
CONCACAF_CHAMPIONSHIP_U20_LKKY6NIP,CONCACAF_CHAMPIONSHIP_U20,lKkY6nIp,Costa Rica U20,5,0.0,0.0,0.0,0.0,0.0,0.0,0.0,0.0,2026-02-26T15:48:41.836094+00:00,NORTH & CENTRAL AMERICA - CONCACAF CHAMPIONSHIP U20 - QUALIFICATION
CONCACAF_CHAMPIONSHIP_U20_MKS7IIAH,CONCACAF_CHAMPIONSHIP_U20,MkS7IIAh,Curacao U20,2,0.0,0.0,3.0,1.0,3.0,2.0,1.0,3.0,2026-02-26T15:49:12.080474+00:00,NORTH & CENTRAL AMERICA - CONCACAF CHAMPIONSHIP U20 - QUALIFICATION
CONCACAF_CHAMPIONSHIP_U20_MSVFDNPL,CONCACAF_CHAMPIONSHIP_U20,MsvFDNPL,Martinique U20,1,0.0,0.0,7.0,6.0,7.0,1.0,6.0,3.0,2026-02-26T15:50:02.226668+00:00,NORTH & CENTRAL AMERICA - CONCACAF CHAMPIONSHIP U20 - QUALIFICATION
CONCACAF_CHAMPIONSHIP_U20_MTIMGPAN,CONCACAF_CHAMPIONSHIP_U20,MTIMgpan,Aruba U20,2,0.0,0.0,2.0,2.0,2.0,0.0,2.0,3.0,2026-02-26T15:50:02.226668+00:00,NORTH & CENTRAL AMERICA - CONCACAF CHAMPIONSHIP U20 - QUALIFICATION
CONCACAF_CHAMPIONSHIP_U20_WHO2GPU3,CONCACAF_CHAMPIONSHIP_U20,Who2GPu3,United States Virgin Islands U20,5,0.0,1.0,1.0,-6.0,1.0,7.0,-6.0,0.0,2026-02-26T15:50:02.226668+00:00,NORTH & CENTRAL AMERICA - CONCACAF CHAMPIONSHIP U20 - QUALIFICATION
CONCACAF_CHAMPIONSHIP_U20_WTMLJPML,CONCACAF_CHAMPIONSHIP_U20,WtmlJpml,Haiti U20,3,0.0,0.0,0.0,0.0,0.0,0.0,0.0,0.0,2026-02-26T15:49:12.080474+00:00,NORTH & CENTRAL AMERICA - CONCACAF CHAMPIONSHIP U20 - QUALIFICATION
CONCACAF_CHAMPIONSHIP_U20_ZLUDG6IA,CONCACAF_CHAMPIONSHIP_U20,zLuDg6IA,Trinidad & Tobago U20,1,1.0,0.0,2.0,0.0,2.0,2.0,0.0,1.0,2026-02-26T15:48:41.836094+00:00,NORTH & CENTRAL AMERICA - CONCACAF CHAMPIONSHIP U20 - QUALIFICATION
CONCACAF_CHAMPIONSHIP_U20_ZZMG81MQ,CONCACAF_CHAMPIONSHIP_U20,zZmg81mq,Barbados U20,4,1.0,0.0,1.0,0.0,1.0,1.0,0.0,1.0,2026-02-26T15:48:41.836094+00:00,NORTH & CENTRAL AMERICA - CONCACAF CHAMPIONSHIP U20 - QUALIFICATION
CONFERENCE_LEAGUE_UNKNOWN,CONFERENCE_LEAGUE,Unknown,Unknown,16,nan,nan,nan,nan,nan,nan,nan,nan,2026-02-26T14:53:04.84159+00:00,EUROPE - CONFERENCE LEAGUE - PLAY OFFS - 1/16-FINALS
COPA_DE_PRIMERA_44U3VKP4,COPA_DE_PRIMERA,44u3vKp4,Rubio Nu,9,3.0,2.0,4.0,-4.0,4.0,8.0,-4.0,6.0,2026-02-26T15:52:09.225791+00:00,PARAGUAY - COPA DE PRIMERA - APERTURA - ROUND 7
COPA_DE_PRIMERA_AWVFJN49,COPA_DE_PRIMERA,Awvfjn49,San Lorenzo,12,1.0,5.0,4.0,-9.0,4.0,13.0,-9.0,1.0,2026-02-26T15:52:09.225791+00:00,PARAGUAY - COPA DE PRIMERA - APERTURA - ROUND 7
COPA_DE_PRIMERA_B9EESWQG,COPA_DE_PRIMERA,b9eesWQG,Olimpia Asuncion,1,2.0,0.0,10.0,5.0,10.0,5.0,5.0,17.0,2026-02-26T15:52:09.225791+00:00,PARAGUAY - COPA DE PRIMERA - APERTURA - ROUND 7
COPA_DE_PRIMERA_BPWVQHD4,COPA_DE_PRIMERA,bPwvqhd4,Libertad Asuncion,10,2.0,4.0,6.0,-3.0,6.0,9.0,-3.0,5.0,2026-02-26T15:52:09.225791+00:00,PARAGUAY - COPA DE PRIMERA - APERTURA - ROUND 7
COPA_DE_PRIMERA_C4UAQERI,COPA_DE_PRIMERA,C4uAqERi,Cerro Porteno,5,2.0,2.0,8.0,2.0,8.0,6.0,2.0,11.0,2026-02-26T15:52:09.225791+00:00,PARAGUAY - COPA DE PRIMERA - APERTURA - ROUND 7
COPA_DE_PRIMERA_EOGPXU3P,COPA_DE_PRIMERA,EogpxU3p,Sp. Luqueno,7,1.0,3.0,9.0,-1.0,9.0,10.0,-1.0,10.0,2026-02-26T15:52:09.225791+00:00,PARAGUAY - COPA DE PRIMERA - APERTURA - ROUND 7
COPA_DE_PRIMERA_KYVZPYTB,COPA_DE_PRIMERA,KYvzpYtb,Guarani,8,2.0,2.0,13.0,4.0,13.0,9.0,4.0,8.0,2026-02-26T15:52:09.225791+00:00,PARAGUAY - COPA DE PRIMERA - APERTURA - ROUND 7
COPA_DE_PRIMERA_PXVTG7LC,COPA_DE_PRIMERA,pxVtG7lc,Ameliano,4,2.0,2.0,8.0,3.0,8.0,5.0,3.0,11.0,2026-02-26T15:52:09.225791+00:00,PARAGUAY - COPA DE PRIMERA - APERTURA - ROUND 7
COPA_DE_PRIMERA_SJVFLAZP,COPA_DE_PRIMERA,SjvFLAZp,2 de Mayo,11,2.0,4.0,3.0,-9.0,3.0,12.0,-9.0,2.0,2026-02-26T15:52:09.225791+00:00,PARAGUAY - COPA DE PRIMERA - APERTURA - ROUND 7
COPA_DE_PRIMERA_TLTRRCBA,COPA_DE_PRIMERA,tlTrrCBA,Nacional Asuncion,2,1.0,1.0,12.0,7.0,12.0,5.0,7.0,13.0,2026-02-26T15:52:09.225791+00:00,PARAGUAY - COPA DE PRIMERA - APERTURA - ROUND 7
COPA_DE_PRIMERA_WDYZQRTO,COPA_DE_PRIMERA,WdYZQrTO,Sportivo Trinidense,6,4.0,1.0,7.0,1.0,7.0,6.0,1.0,10.0,2026-02-26T15:52:09.225791+00:00,PARAGUAY - COPA DE PRIMERA - APERTURA - ROUND 7
COPA_DE_PRIMERA_WHS2LQYL,COPA_DE_PRIMERA,WhS2lQYL,Recoleta,3,2.0,1.0,9.0,4.0,9.0,5.0,4.0,11.0,2026-02-26T15:52:09.225791+00:00,PARAGUAY - COPA DE PRIMERA - APERTURA - ROUND 7
COPA_DO_BRASIL_U17_UNKNOWN,COPA_DO_BRASIL_U17,Unknown,Unknown,16,nan,nan,nan,nan,nan,nan,nan,nan,2026-02-26T15:03:50.078028+00:00,BRAZIL - COPA DO BRASIL U17 - 1/16-FINALS
COPA_LIBERTADORES_UNKNOWN,COPA_LIBERTADORES,Unknown,Unknown,28,nan,nan,nan,nan,nan,nan,nan,nan,2026-02-26T14:45:09.789012+00:00,SOUTH AMERICA - COPA LIBERTADORES - QUALIFICATION - SEMI-FINALS
COPA_PRESIDENTE_DG3Y6UCH,COPA_PRESIDENTE,dG3y6ucH,Aguila,1,0.0,0.0,4.0,3.0,4.0,1.0,3.0,3.0,2026-02-26T15:23:18.930235+00:00,EL SALVADOR - COPA PRESIDENTE - ROUND 2
COPA_PRESIDENTE_IYGC1LUF,COPA_PRESIDENTE,IygC1lUF,Racing de Gualuca,3,0.0,1.0,1.0,-1.0,1.0,2.0,-1.0,0.0,2026-02-26T15:23:18.930235+00:00,EL SALVADOR - COPA PRESIDENTE - ROUND 2
COPA_PRESIDENTE_KWPJPNR5,COPA_PRESIDENTE,KWPjPNr5,Fuerte San Francisco,2,0.0,0.0,2.0,1.0,2.0,1.0,1.0,3.0,2026-02-26T15:23:18.930235+00:00,EL SALVADOR - COPA PRESIDENTE - ROUND 2
COPA_PRESIDENTE_TGGUJNR6,COPA_PRESIDENTE,tGguJnr6,Dragon,4,0.0,1.0,1.0,-3.0,1.0,4.0,-3.0,0.0,2026-02-26T15:23:18.930235+00:00,EL SALVADOR - COPA PRESIDENTE - ROUND 2
DIVISION_1_0I76GFIS,DIVISION_1,0I76gFiS,Dubai City,11,4.0,8.0,19.0,-8.0,19.0,27.0,-8.0,16.0,2026-02-26T16:09:47.075939+00:00,UNITED ARAB EMIRATES - DIVISION 1 - ROUND 18
DIVISION_1_6JKDE4O3,DIVISION_1,6JKdE4o3,Al Arabi,3,4.0,3.0,27.0,8.0,27.0,19.0,8.0,31.0,2026-02-26T16:09:47.075939+00:00,UNITED ARAB EMIRATES - DIVISION 1 - ROUND 18
DIVISION_1_6S1W4SXK,DIVISION_1,6s1W4sXk,United FC,1,4.0,2.0,27.0,9.0,27.0,18.0,9.0,34.0,2026-02-26T16:09:47.075939+00:00,UNITED ARAB EMIRATES - DIVISION 1 - ROUND 18
DIVISION_1_A792J1GD,DIVISION_1,A792j1gd,Al Urooba,8,4.0,4.0,20.0,9.0,20.0,11.0,9.0,25.0,2026-02-26T16:09:47.075939+00:00,UNITED ARAB EMIRATES - DIVISION 1 - ROUND 18
DIVISION_1_B1KEFGCS,DIVISION_1,b1keFgcs,Al Fujairah,4,5.0,2.0,29.0,8.0,29.0,21.0,8.0,29.0,2026-02-26T16:09:47.075939+00:00,UNITED ARAB EMIRATES - DIVISION 1 - ROUND 18
DIVISION_1_CMJAISVJ,DIVISION_1,CMjaisvj,Al Jazira Hamra,12,3.0,10.0,20.0,-10.0,20.0,30.0,-10.0,12.0,2026-02-26T16:09:47.075939+00:00,UNITED ARAB EMIRATES - DIVISION 1 - ROUND 18
DIVISION_1_DWQPK8ZO,DIVISION_1,dWqPk8zo,Majd FC,14,4.0,10.0,13.0,-16.0,13.0,29.0,-16.0,10.0,2026-02-26T16:09:47.075939+00:00,UNITED ARAB EMIRATES - DIVISION 1 - ROUND 18
DIVISION_1_NCKAA39S,DIVISION_1,ncKaA39S,Gulf United,10,2.0,9.0,25.0,-5.0,25.0,30.0,-5.0,17.0,2026-02-26T16:09:47.075939+00:00,UNITED ARAB EMIRATES - DIVISION 1 - ROUND 18
DIVISION_1_P4RVWIWP,DIVISION_1,p4rvWiWp,Emirates Club,7,4.0,4.0,20.0,2.0,20.0,18.0,2.0,28.0,2026-02-26T16:09:47.075939+00:00,UNITED ARAB EMIRATES - DIVISION 1 - ROUND 18
DIVISION_1_SALALI3D,DIVISION_1,SAlALi3d,Al-Ittifaq,15,0.0,13.0,16.0,-21.0,16.0,37.0,-21.0,9.0,2026-02-26T16:09:47.075939+00:00,UNITED ARAB EMIRATES - DIVISION 1 - ROUND 18
DIVISION_1_TVRPFLRG,DIVISION_1,tvrpfLrG,Dibba Al Hisn,2,3.0,3.0,35.0,20.0,35.0,15.0,20.0,33.0,2026-02-26T16:09:47.075939+00:00,UNITED ARAB EMIRATES - DIVISION 1 - ROUND 18
DIVISION_1_UC1FHNOQ,DIVISION_1,Uc1fhNOq,Al Thaid,6,7.0,2.0,23.0,8.0,23.0,15.0,8.0,28.0,2026-02-26T16:09:47.075939+00:00,UNITED ARAB EMIRATES - DIVISION 1 - ROUND 18
DIVISION_1_XDCE608K,DIVISION_1,xdCE608k,Masfut,13,3.0,10.0,18.0,-13.0,18.0,31.0,-13.0,12.0,2026-02-26T16:09:47.075939+00:00,UNITED ARAB EMIRATES - DIVISION 1 - ROUND 18
DIVISION_1_YULEXBQH,DIVISION_1,YuLeXbqH,Hatta,5,4.0,4.0,27.0,11.0,27.0,16.0,11.0,28.0,2026-02-26T16:09:47.075939+00:00,UNITED ARAB EMIRATES - DIVISION 1 - ROUND 18
DIVISION_1_Z5NFSASU,DIVISION_1,z5nFsAsU,Al Hamriyah,9,5.0,7.0,21.0,-2.0,21.0,23.0,-2.0,17.0,2026-02-26T16:09:47.075939+00:00,UNITED ARAB EMIRATES - DIVISION 1 - ROUND 18
DIVISION_2_A_0JGGNDRP,DIVISION_2_A,0jGgnDRP,Abu Qir Semad,3,7.0,5.0,27.0,9.0,27.0,18.0,9.0,40.0,2026-02-26T15:29:54.118198+00:00,EGYPT - DIVISION 2 A - ROUND 24
DIVISION_2_A_4BLM8FM3,DIVISION_2_A,4bLm8fm3,Maleyeit Kafr El Zayiat,9,7.0,8.0,22.0,1.0,22.0,21.0,1.0,31.0,2026-02-26T15:29:54.118198+00:00,EGYPT - DIVISION 2 A - ROUND 24
DIVISION_2_A_4T3WXBUL,DIVISION_2_A,4t3wxbUl,Baladiyat El Mahalla,16,10.0,10.0,24.0,-6.0,24.0,30.0,-6.0,19.0,2026-02-26T15:29:54.118198+00:00,EGYPT - DIVISION 2 A - ROUND 24
DIVISION_2_A_8NEMVXHT,DIVISION_2_A,8nemvXht,Masar,4,8.0,5.0,31.0,14.0,31.0,17.0,14.0,38.0,2026-02-26T15:29:54.118198+00:00,EGYPT - DIVISION 2 A - ROUND 24
DIVISION_2_A_ARSFCQEI,DIVISION_2_A,ARsfCqEI,Proxy,8,11.0,5.0,23.0,2.0,23.0,21.0,2.0,32.0,2026-02-26T15:29:54.118198+00:00,EGYPT - DIVISION 2 A - ROUND 24
DIVISION_2_A_BIH8SSHT,DIVISION_2_A,bih8ssHt,La Viena,6,9.0,6.0,25.0,5.0,25.0,20.0,5.0,33.0,2026-02-26T15:29:54.118198+00:00,EGYPT - DIVISION 2 A - ROUND 24
DIVISION_2_A_DT3L4JJS,DIVISION_2_A,dt3L4JJS,El Mansoura,7,9.0,6.0,21.0,2.0,21.0,19.0,2.0,33.0,2026-02-26T15:29:54.118198+00:00,EGYPT - DIVISION 2 A - ROUND 24
DIVISION_2_A_FTU5LBUJ,DIVISION_2_A,fTu5lbuj,El Daklyeh,11,8.0,8.0,21.0,-4.0,21.0,25.0,-4.0,29.0,2026-02-26T15:29:54.118198+00:00,EGYPT - DIVISION 2 A - ROUND 24
DIVISION_2_A_IFDBPYDC,DIVISION_2_A,IFdBPyDC,Raya,18,9.0,11.0,15.0,-14.0,15.0,29.0,-14.0,18.0,2026-02-26T15:29:54.118198+00:00,EGYPT - DIVISION 2 A - ROUND 24
DIVISION_2_A_JW5I5TLK,DIVISION_2_A,jw5i5tLk,Al-Sekka,10,8.0,8.0,17.0,-1.0,17.0,18.0,-1.0,29.0,2026-02-26T15:29:54.118198+00:00,EGYPT - DIVISION 2 A - ROUND 24
DIVISION_2_A_MTAVEMJ5,DIVISION_2_A,MTaVEMJ5,Dayrout,14,9.0,10.0,10.0,-15.0,10.0,25.0,-15.0,21.0,2026-02-26T15:29:54.118198+00:00,EGYPT - DIVISION 2 A - ROUND 24
DIVISION_2_A_NA5WG1OG,DIVISION_2_A,na5wg1oG,Tanta,17,13.0,8.0,15.0,-8.0,15.0,23.0,-8.0,19.0,2026-02-26T15:29:54.118198+00:00,EGYPT - DIVISION 2 A - ROUND 24
DIVISION_2_A_NL7HY2JS,DIVISION_2_A,nL7hY2js,Al Qanah,1,7.0,1.0,36.0,26.0,36.0,10.0,26.0,52.0,2026-02-26T15:29:54.118198+00:00,EGYPT - DIVISION 2 A - ROUND 24
DIVISION_2_A_OM8EXCOE,DIVISION_2_A,OM8eXcOe,Aswan SC,15,8.0,11.0,9.0,-11.0,9.0,20.0,-11.0,20.0,2026-02-26T15:29:54.118198+00:00,EGYPT - DIVISION 2 A - ROUND 24
DIVISION_2_A_ONOS85DP,DIVISION_2_A,Onos85dp,Tersana,12,10.0,7.0,17.0,-1.0,17.0,18.0,-1.0,28.0,2026-02-26T15:29:54.118198+00:00,EGYPT - DIVISION 2 A - ROUND 24
DIVISION_2_A_SXDAV1ZG,DIVISION_2_A,SxdAv1Zg,WE SC,5,8.0,6.0,20.0,3.0,20.0,17.0,3.0,35.0,2026-02-26T15:29:54.118198+00:00,EGYPT - DIVISION 2 A - ROUND 24
DIVISION_2_A_W0HTETL4,DIVISION_2_A,W0hTETl4,Asyut Petroleum,2,8.0,4.0,24.0,7.0,24.0,17.0,7.0,41.0,2026-02-26T15:29:54.118198+00:00,EGYPT - DIVISION 2 A - ROUND 24
DIVISION_2_A_Y1FM0WSQ,DIVISION_2_A,Y1fm0wSq,El-Entag El-Harby,13,5.0,11.0,26.0,-9.0,26.0,35.0,-9.0,26.0,2026-02-26T15:29:54.118198+00:00,EGYPT - DIVISION 2 A - ROUND 24
EUROPA_LEAGUE_UNKNOWN,EUROPA_LEAGUE,Unknown,Unknown,16,nan,nan,nan,nan,nan,nan,nan,nan,2026-02-26T14:41:54.32227+00:00,EUROPE - EUROPA LEAGUE - PLAY OFFS - 1/16-FINALS
LEAGUE_CUP_6AYYKCXN,LEAGUE_CUP,6aYykcXn,KR Reykjavik,2,1.0,1.0,11.0,6.0,11.0,5.0,6.0,7.0,2026-02-26T15:30:33.436988+00:00,ICELAND - LEAGUE CUP - ROUND 4
LEAGUE_CUP_BBBO3SSG,LEAGUE_CUP,bBbO3SSG,KA Akureyri,5,0.0,3.0,5.0,-2.0,5.0,7.0,-2.0,3.0,2026-02-26T15:30:33.436988+00:00,ICELAND - LEAGUE CUP - ROUND 4
LEAGUE_CUP_EMDDBQ5P,LEAGUE_CUP,EmdDbQ5p,Njardvik,1,2.0,0.0,7.0,3.0,7.0,4.0,3.0,8.0,2026-02-26T15:30:33.436988+00:00,ICELAND - LEAGUE CUP - ROUND 4
LEAGUE_CUP_GDXJCCH5,LEAGUE_CUP,GdxJccH5,Valur,3,0.0,0.0,6.0,6.0,6.0,0.0,6.0,6.0,2026-02-26T15:29:21.332689+00:00,ICELAND - LEAGUE CUP - ROUND 4
LEAGUE_CUP_GQQLHPRS,LEAGUE_CUP,GQqlHPRS,Thor Akureyri,1,1.0,0.0,19.0,17.0,19.0,2.0,17.0,10.0,2026-02-26T15:29:21.332689+00:00,ICELAND - LEAGUE CUP - ROUND 4
LEAGUE_CUP_HDKPCN4D,LEAGUE_CUP,hdKpCN4d,Vikingur Reykjavik,3,1.0,1.0,4.0,1.0,4.0,3.0,1.0,7.0,2026-02-26T15:30:33.436988+00:00,ICELAND - LEAGUE CUP - ROUND 4
LEAGUE_CUP_IHAS4NRN,LEAGUE_CUP,IHAs4nrN,Afturelding,4,0.0,2.0,4.0,-6.0,4.0,10.0,-6.0,6.0,2026-02-26T15:29:21.332689+00:00,ICELAND - LEAGUE CUP - ROUND 4
LEAGUE_CUP_SJ0HCPLJ,LEAGUE_CUP,Sj0HcpLj,Grotta,5,0.0,4.0,2.0,-8.0,2.0,10.0,-8.0,0.0,2026-02-26T15:29:21.332689+00:00,ICELAND - LEAGUE CUP - ROUND 4
LEAGUE_CUP_THDSEI51,LEAGUE_CUP,thDSEI51,Volsungur,6,0.0,2.0,1.0,-14.0,1.0,15.0,-14.0,0.0,2026-02-26T15:29:21.332689+00:00,ICELAND - LEAGUE CUP - ROUND 4
LEAGUE_CUP_WU9JK0DR,LEAGUE_CUP,WU9JK0DR,IR Reykjavik,4,1.0,1.0,8.0,-1.0,8.0,9.0,-1.0,4.0,2026-02-26T15:30:33.436988+00:00,ICELAND - LEAGUE CUP - ROUND 4
LEAGUE_CUP_ZGQSIZWO,LEAGUE_CUP,zgqsIZWO,Akranes,2,1.0,1.0,10.0,5.0,10.0,5.0,5.0,7.0,2026-02-26T15:29:21.332689+00:00,ICELAND - LEAGUE CUP - ROUND 4
LEAGUE_CUP_ZI44AFXA,LEAGUE_CUP,zi44AFXa,Grindavik,6,1.0,2.0,3.0,-7.0,3.0,10.0,-7.0,1.0,2026-02-26T15:30:33.436988+00:00,ICELAND - LEAGUE CUP - ROUND 4
LIGA_2_6YABF8YD,LIGA_2,6yaBf8yd,Corvinul,1,14.0,4.0,0.0,30.0,30.0,9.0,21.0,46.0,2026-02-26T15:55:41.639404+00:00,ROMANIA - LIGA 2 - ROUND 19
LIGA_2_BH2GTTSR,LIGA_2,bH2GTTSR,CSM Resita,7,10.0,2.0,6.0,33.0,33.0,20.0,13.0,32.0,2026-02-26T15:55:41.639404+00:00,ROMANIA - LIGA 2 - ROUND 19
LIGA_2_DLRFVRUP,LIGA_2,dlRFVRup,CSM Satu Mare,21,3.0,1.0,14.0,14.0,14.0,40.0,-26.0,10.0,2026-02-26T15:55:41.639404+00:00,ROMANIA - LIGA 2 - ROUND 19
LIGA_2_DN3EGKBF,LIGA_2,dn3EGkbF,FC Bihor,3,12.0,2.0,4.0,37.0,37.0,19.0,18.0,38.0,2026-02-26T15:55:41.639404+00:00,ROMANIA - LIGA 2 - ROUND 19
LIGA_2_ERXPXBRI,LIGA_2,ERxpxbrI,CS Din. Bucuresti,19,2.0,6.0,10.0,13.0,13.0,30.0,-17.0,12.0,2026-02-26T15:55:41.639404+00:00,ROMANIA - LIGA 2 - ROUND 19
LIGA_2_FLTNMJGT,LIGA_2,fLTNMJgt,Afumati,13,7.0,3.0,8.0,25.0,25.0,24.0,1.0,24.0,2026-02-26T15:55:41.639404+00:00,ROMANIA - LIGA 2 - ROUND 19
LIGA_2_IDSPICMA,LIGA_2,IDsPIcMA,Sepsi Sf. Gheorghe,2,12.0,3.0,3.0,27.0,27.0,16.0,11.0,39.0,2026-02-26T15:55:41.639404+00:00,ROMANIA - LIGA 2 - ROUND 19
LIGA_2_MDBRXZ3E,LIGA_2,MDBRXZ3e,FC Bacau,11,7.0,5.0,6.0,22.0,22.0,22.0,0.0,26.0,2026-02-26T15:55:41.639404+00:00,ROMANIA - LIGA 2 - ROUND 19
LIGA_2_MHEZHVET,LIGA_2,MHezhveT,Campulung,22,2.0,4.0,12.0,8.0,8.0,41.0,-33.0,10.0,2026-02-26T15:55:41.639404+00:00,ROMANIA - LIGA 2 - ROUND 19
LIGA_2_MO4CCQMU,LIGA_2,Mo4cCQMu,Ceahlaul,17,5.0,3.0,10.0,17.0,17.0,34.0,-17.0,18.0,2026-02-26T15:55:41.639404+00:00,ROMANIA - LIGA 2 - ROUND 19
LIGA_2_MQ1GT90C,LIGA_2,Mq1GT90c,Selimbar,18,4.0,4.0,10.0,24.0,24.0,27.0,-3.0,16.0,2026-02-26T15:55:41.639404+00:00,ROMANIA - LIGA 2 - ROUND 19
LIGA_2_MYOLGPLR,LIGA_2,MyOlgpLr,Tunari,20,2.0,5.0,11.0,14.0,14.0,33.0,-19.0,11.0,2026-02-26T15:55:41.639404+00:00,ROMANIA - LIGA 2 - ROUND 19
LIGA_2_NKLX1AEQ,LIGA_2,nklx1aEq,Chindia Targoviste,6,10.0,3.0,5.0,33.0,33.0,17.0,16.0,33.0,2026-02-26T15:55:41.639404+00:00,ROMANIA - LIGA 2 - ROUND 19
LIGA_2_ONWT0AWS,LIGA_2,Onwt0aWs,FC ASA Tg. Mures,5,10.0,3.0,5.0,36.0,36.0,20.0,16.0,33.0,2026-02-26T15:55:41.639404+00:00,ROMANIA - LIGA 2 - ROUND 19
LIGA_2_PO9AXHLU,LIGA_2,pO9aXHLu,CSC Dumbravita,16,5.0,3.0,10.0,22.0,22.0,32.0,-10.0,18.0,2026-02-26T15:55:41.639404+00:00,ROMANIA - LIGA 2 - ROUND 19
LIGA_2_PRFXAF0I,LIGA_2,prfxAf0i,Concordia,12,7.0,3.0,8.0,25.0,25.0,20.0,5.0,24.0,2026-02-26T15:55:41.639404+00:00,ROMANIA - LIGA 2 - ROUND 19
LIGA_2_QAAE21P0,LIGA_2,QaAe21P0,Metalul Buzau,9,9.0,2.0,7.0,29.0,29.0,19.0,10.0,29.0,2026-02-26T15:55:41.639404+00:00,ROMANIA - LIGA 2 - ROUND 19
LIGA_2_T84QISIU,LIGA_2,t84qisiU,Poli Iasi,10,8.0,4.0,6.0,18.0,18.0,17.0,1.0,28.0,2026-02-26T15:55:41.639404+00:00,ROMANIA - LIGA 2 - ROUND 19
LIGA_2_UBKJ02Q9,LIGA_2,UBkj02Q9,Steaua Bucuresti,8,9.0,nan,6.0,30.0,30.0,25.0,5.0,31.0,2026-02-26T15:55:41.639404+00:00,ROMANIA - LIGA 2 - ROUND 19
LIGA_2_UCVDN3XT,LIGA_2,UcVDn3xt,Gloria Bistrita,15,5.0,4.0,9.0,23.0,23.0,27.0,-4.0,19.0,2026-02-26T15:55:41.639404+00:00,ROMANIA - LIGA 2 - ROUND 19
LIGA_2_WIOSEFI4,LIGA_2,WIoSeFi4,FC Voluntari,4,10.0,6.0,2.0,24.0,24.0,12.0,12.0,36.0,2026-02-26T15:55:41.639404+00:00,ROMANIA - LIGA 2 - ROUND 19
LIGA_2_ZRQY53UR,LIGA_2,zRqy53ur,CSM Slatina,14,6.0,nan,7.0,22.0,22.0,22.0,0.0,24.0,2026-02-26T15:55:41.639404+00:00,ROMANIA - LIGA 2 - ROUND 19
LIGA_ALEF_NORTH_4GJCMRF3,LIGA_ALEF_NORTH,4GjCmrf3,Maccabi Nujeidat Ahmad,14,5.0,12.0,16.0,-20.0,16.0,36.0,-20.0,17.0,2026-02-26T15:35:31.367541+00:00,ISRAEL - LIGA ALEF NORTH - ROUND 22
LIGA_ALEF_NORTH_67ICAD94,LIGA_ALEF_NORTH,67ICAd94,Araba,13,6.0,11.0,28.0,-10.0,28.0,38.0,-10.0,18.0,2026-02-26T15:35:31.367541+00:00,ISRAEL - LIGA ALEF NORTH - ROUND 22
LIGA_ALEF_NORTH_8M6RI2VP,LIGA_ALEF_NORTH,8M6rI2vp,Ironi Baka,9,3.0,9.0,33.0,3.0,33.0,30.0,3.0,30.0,2026-02-26T15:35:31.367541+00:00,ISRAEL - LIGA ALEF NORTH - ROUND 22
LIGA_ALEF_NORTH_A7FK8QCG,LIGA_ALEF_NORTH,A7fk8qCg,H. Migdal HaEmek,10,7.0,7.0,27.0,4.0,27.0,23.0,4.0,28.0,2026-02-26T15:35:31.367541+00:00,ISRAEL - LIGA ALEF NORTH - ROUND 22
LIGA_ALEF_NORTH_D2YI8AS6,LIGA_ALEF_NORTH,d2yi8As6,M. Nazareth,1,3.0,3.0,44.0,27.0,44.0,17.0,27.0,48.0,2026-02-26T15:35:31.367541+00:00,ISRAEL - LIGA ALEF NORTH - ROUND 22
LIGA_ALEF_NORTH_DPCRAINO,LIGA_ALEF_NORTH,dpCRaino,Hapoel Bnei Musmus,6,6.0,6.0,28.0,0.0,28.0,28.0,0.0,33.0,2026-02-26T15:35:31.367541+00:00,ISRAEL - LIGA ALEF NORTH - ROUND 22
LIGA_ALEF_NORTH_GMKQPJVJ,LIGA_ALEF_NORTH,GMkQPJVJ,Hapoel Tirat Karmel,15,3.0,15.0,16.0,-26.0,16.0,42.0,-26.0,12.0,2026-02-26T15:35:31.367541+00:00,ISRAEL - LIGA ALEF NORTH - ROUND 22
LIGA_ALEF_NORTH_GYO8FU1S,LIGA_ALEF_NORTH,GYo8Fu1s,Tzeirey Um El Fahem,8,6.0,7.0,28.0,5.0,28.0,23.0,5.0,30.0,2026-02-26T15:35:31.367541+00:00,ISRAEL - LIGA ALEF NORTH - ROUND 22
LIGA_ALEF_NORTH_NYBNR5ZS,LIGA_ALEF_NORTH,nybNr5zs,MS Tira,2,2.0,6.0,42.0,19.0,42.0,23.0,19.0,41.0,2026-02-26T15:35:31.367541+00:00,ISRAEL - LIGA ALEF NORTH - ROUND 22
LIGA_ALEF_NORTH_OO9JJQYN,LIGA_ALEF_NORTH,OO9jjqYn,Maccabi Neve Shaanan Eldad,5,6.0,6.0,32.0,4.0,32.0,28.0,4.0,33.0,2026-02-26T15:35:31.367541+00:00,ISRAEL - LIGA ALEF NORTH - ROUND 22
LIGA_ALEF_NORTH_OT3DHK75,LIGA_ALEF_NORTH,Ot3Dhk75,Tzeirey Tamra,12,3.0,11.0,32.0,-13.0,32.0,45.0,-13.0,24.0,2026-02-26T15:35:31.367541+00:00,ISRAEL - LIGA ALEF NORTH - ROUND 22
LIGA_ALEF_NORTH_P2R286RI,LIGA_ALEF_NORTH,p2R286ri,Beit Shean,7,7.0,6.0,28.0,1.0,28.0,27.0,1.0,31.0,2026-02-26T15:35:31.367541+00:00,ISRAEL - LIGA ALEF NORTH - ROUND 22
LIGA_ALEF_NORTH_PQNEXAHR,LIGA_ALEF_NORTH,pQNExaHR,Hapoel Umm al-Fahm,16,4.0,11.0,30.0,-7.0,30.0,37.0,-7.0,10.0,2026-02-26T15:35:31.367541+00:00,ISRAEL - LIGA ALEF NORTH - ROUND 22
LIGA_ALEF_NORTH_RCBV07J8,LIGA_ALEF_NORTH,rcBv07J8,Hapoel Karmiel,4,6.0,6.0,29.0,8.0,29.0,21.0,8.0,33.0,2026-02-26T15:35:31.367541+00:00,ISRAEL - LIGA ALEF NORTH - ROUND 22
LIGA_ALEF_NORTH_YSUW1TSO,LIGA_ALEF_NORTH,YsuW1tSO,M. Kiryat Ata-Bialik,3,7.0,4.0,35.0,14.0,35.0,21.0,14.0,37.0,2026-02-26T15:35:31.367541+00:00,ISRAEL - LIGA ALEF NORTH - ROUND 22
LIGA_ALEF_NORTH_YTJLFLZB,LIGA_ALEF_NORTH,YTJLFLzb,Ironi Nesher,11,4.0,9.0,28.0,-9.0,28.0,37.0,-9.0,28.0,2026-02-26T15:35:31.367541+00:00,ISRAEL - LIGA ALEF NORTH - ROUND 22
LIGA_ALEF_SOUTH_2HCQCJQ3,LIGA_ALEF_SOUTH,2HcqCjQ3,Beitar Yavne,10,3.0,10.0,26.0,-8.0,26.0,34.0,-8.0,27.0,2026-02-26T15:37:33.476267+00:00,ISRAEL - LIGA ALEF SOUTH - ROUND 22
LIGA_ALEF_SOUTH_4ZRVZ5SO,LIGA_ALEF_SOUTH,4zrvZ5SO,Hapoel Herzliya,13,7.0,9.0,22.0,-13.0,22.0,35.0,-13.0,22.0,2026-02-26T15:37:33.476267+00:00,ISRAEL - LIGA ALEF SOUTH - ROUND 22
LIGA_ALEF_SOUTH_6DB80FOP,LIGA_ALEF_SOUTH,6Db80fop,Nordia Jerusalem,16,6.0,12.0,27.0,-11.0,27.0,38.0,-11.0,15.0,2026-02-26T15:37:33.476267+00:00,ISRAEL - LIGA ALEF SOUTH - ROUND 22
LIGA_ALEF_SOUTH_6HFB6PD3,LIGA_ALEF_SOUTH,6HFB6pD3,Kiryat Gat,1,4.0,0.0,53.0,35.0,53.0,18.0,35.0,55.0,2026-02-26T15:37:33.476267+00:00,ISRAEL - LIGA ALEF SOUTH - ROUND 22
LIGA_ALEF_SOUTH_AP8MR2HC,LIGA_ALEF_SOUTH,AP8MR2hC,Kfar Saba 1928,7,8.0,6.0,26.0,-1.0,26.0,27.0,-1.0,29.0,2026-02-26T15:37:33.476267+00:00,ISRAEL - LIGA ALEF SOUTH - ROUND 22
LIGA_ALEF_SOUTH_DO5FUI4J,LIGA_ALEF_SOUTH,dO5fUI4j,SC Dimona,2,4.0,6.0,28.0,2.0,28.0,26.0,2.0,37.0,2026-02-26T15:37:33.476267+00:00,ISRAEL - LIGA ALEF SOUTH - ROUND 22
LIGA_ALEF_SOUTH_GARUZNJ9,LIGA_ALEF_SOUTH,GArUznJ9,Holon Yermiyahu,11,5.0,10.0,30.0,-3.0,30.0,33.0,-3.0,23.0,2026-02-26T15:37:33.476267+00:00,ISRAEL - LIGA ALEF SOUTH - ROUND 22
LIGA_ALEF_SOUTH_HSCTDSEA,LIGA_ALEF_SOUTH,hSctDSEa,Hapoel Azor,14,8.0,8.0,15.0,-4.0,15.0,19.0,-4.0,20.0,2026-02-26T15:37:33.476267+00:00,ISRAEL - LIGA ALEF SOUTH - ROUND 22
LIGA_ALEF_SOUTH_LO5IWNRS,LIGA_ALEF_SOUTH,lO5iwNrs,Jerusalem FC,3,4.0,7.0,41.0,13.0,41.0,28.0,13.0,34.0,2026-02-26T15:37:33.476267+00:00,ISRAEL - LIGA ALEF SOUTH - ROUND 22
LIGA_ALEF_SOUTH_Q3GDHS6O,LIGA_ALEF_SOUTH,Q3GDHs6o,Maccabi Yavne,5,6.0,6.0,38.0,12.0,38.0,26.0,12.0,33.0,2026-02-26T15:37:33.476267+00:00,ISRAEL - LIGA ALEF SOUTH - ROUND 22
LIGA_ALEF_SOUTH_QNIKZX6D,LIGA_ALEF_SOUTH,QNIKZx6d,Shimshon Tel Aviv,9,6.0,8.0,24.0,-2.0,24.0,26.0,-2.0,27.0,2026-02-26T15:37:33.476267+00:00,ISRAEL - LIGA ALEF SOUTH - ROUND 22
LIGA_ALEF_SOUTH_TV2KCQX8,LIGA_ALEF_SOUTH,tv2KcqX8,Ramat Hasharon,15,5.0,11.0,22.0,-17.0,22.0,39.0,-17.0,19.0,2026-02-26T15:37:33.476267+00:00,ISRAEL - LIGA ALEF SOUTH - ROUND 22
LIGA_ALEF_SOUTH_VERCELHE,LIGA_ALEF_SOUTH,veRcELhE,Tzeirei Tira,6,3.0,8.0,33.0,9.0,33.0,24.0,9.0,33.0,2026-02-26T15:37:33.476267+00:00,ISRAEL - LIGA ALEF SOUTH - ROUND 22
LIGA_ALEF_SOUTH_XIFOBIQP,LIGA_ALEF_SOUTH,xIfobIQp,M. Ironi Ashdod,8,6.0,7.0,36.0,2.0,36.0,34.0,2.0,27.0,2026-02-26T15:37:33.476267+00:00,ISRAEL - LIGA ALEF SOUTH - ROUND 22
LIGA_ALEF_SOUTH_XLBZ9ZNR,LIGA_ALEF_SOUTH,xlBZ9znr,M. Ironi Kiryat Malachi,4,4.0,7.0,27.0,0.0,27.0,27.0,0.0,34.0,2026-02-26T15:37:33.476267+00:00,ISRAEL - LIGA ALEF SOUTH - ROUND 22
LIGA_ALEF_SOUTH_XQFITDU2,LIGA_ALEF_SOUTH,xQFiTdU2,H. Marmorek,12,5.0,10.0,19.0,-14.0,19.0,33.0,-14.0,23.0,2026-02-26T15:37:33.476267+00:00,ISRAEL - LIGA ALEF SOUTH - ROUND 22
LIGA_DE_ASCENSO_JLPSRIR2,LIGA_DE_ASCENSO,jLpsrIR2,Municipal Turrialba,9,0.0,0.0,0.0,0.0,0.0,0.0,0.0,0.0,2026-02-26T15:16:14.050329+00:00,COSTA RICA - LIGA DE ASCENSO - CLAUSURA - ROUND 9
LIGA_DE_ASCENSO_ORO901FK,LIGA_DE_ASCENSO,Oro901fK,Santa Cruz,6,2.0,4.0,9.0,-1.0,9.0,10.0,-1.0,5.0,2026-02-26T15:16:14.050329+00:00,COSTA RICA - LIGA DE ASCENSO - CLAUSURA - ROUND 9
LIGA_DE_ASCENSO_PPZVIKUI,LIGA_DE_ASCENSO,ppZVIKuI,ADR Jicaral,1,1.0,1.0,14.0,11.0,14.0,3.0,11.0,16.0,2026-02-26T15:16:14.050329+00:00,COSTA RICA - LIGA DE ASCENSO - CLAUSURA - ROUND 9
LIGA_DE_ASCENSO_RTYUSWLH,LIGA_DE_ASCENSO,rTyUsWlH,Inter San Carlos,2,2.0,1.0,12.0,4.0,12.0,8.0,4.0,14.0,2026-02-26T15:16:14.050329+00:00,COSTA RICA - LIGA DE ASCENSO - CLAUSURA - ROUND 9
LIGA_DE_ASCENSO_TUKTJQA1,LIGA_DE_ASCENSO,tUKtJqA1,AD Sarchi,5,3.0,2.0,10.0,-2.0,10.0,12.0,-2.0,9.0,2026-02-26T15:16:14.050329+00:00,COSTA RICA - LIGA DE ASCENSO - CLAUSURA - ROUND 9
LIGA_DE_ASCENSO_VH56ZJ8L,LIGA_DE_ASCENSO,vH56zJ8l,Grecia,4,1.0,3.0,7.0,0.0,7.0,7.0,0.0,10.0,2026-02-26T15:16:14.050329+00:00,COSTA RICA - LIGA DE ASCENSO - CLAUSURA - ROUND 9
LIGA_DE_ASCENSO_XAXDSGEJ,LIGA_DE_ASCENSO,xAXdSGeJ,Dep. Upala,8,3.0,4.0,9.0,-8.0,9.0,17.0,-8.0,3.0,2026-02-26T15:16:14.050329+00:00,COSTA RICA - LIGA DE ASCENSO - CLAUSURA - ROUND 9
LIGA_DE_ASCENSO_XDBEAOUN,LIGA_DE_ASCENSO,xdbeAoUn,Cofutpa,7,1.0,4.0,5.0,-7.0,5.0,12.0,-7.0,4.0,2026-02-26T15:16:14.050329+00:00,COSTA RICA - LIGA DE ASCENSO - CLAUSURA - ROUND 9
LIGA_DE_ASCENSO_XPBLE5XC,LIGA_DE_ASCENSO,xpble5Xc,Quepos Cambute,3,1.0,1.0,14.0,3.0,14.0,11.0,3.0,13.0,2026-02-26T15:16:14.050329+00:00,COSTA RICA - LIGA DE ASCENSO - CLAUSURA - ROUND 9
LIGA_NACIONAL_0AIC6BNB,LIGA_NACIONAL,0AiC6BNB,Malacateco,8,2.0,4.0,8.0,-2.0,8.0,10.0,-2.0,11.0,2026-02-26T15:27:00.187819+00:00,GUATEMALA - LIGA NACIONAL - CLAUSURA - ROUND 9
LIGA_NACIONAL_4V2O6I85,LIGA_NACIONAL,4v2o6i85,Mictlan,11,2.0,4.0,6.0,-4.0,6.0,10.0,-4.0,8.0,2026-02-26T15:27:00.187819+00:00,GUATEMALA - LIGA NACIONAL - CLAUSURA - ROUND 9
LIGA_NACIONAL_8QRNDPXD,LIGA_NACIONAL,8QRNdPXd,Coban Imperial,1,2.0,2.0,16.0,8.0,16.0,8.0,8.0,17.0,2026-02-26T15:27:00.187819+00:00,GUATEMALA - LIGA NACIONAL - CLAUSURA - ROUND 9
LIGA_NACIONAL_A5Q6XLUJ,LIGA_NACIONAL,A5Q6XLuj,Deportivo Achuapa,4,3.0,2.0,10.0,3.0,10.0,7.0,3.0,15.0,2026-02-26T15:27:00.187819+00:00,GUATEMALA - LIGA NACIONAL - CLAUSURA - ROUND 9
LIGA_NACIONAL_GRR2Y1QQ,LIGA_NACIONAL,GrR2Y1Qq,Aurora F.C.,7,3.0,3.0,9.0,-3.0,9.0,12.0,-3.0,12.0,2026-02-26T15:27:00.187819+00:00,GUATEMALA - LIGA NACIONAL - CLAUSURA - ROUND 9
LIGA_NACIONAL_NZAFSIUM,LIGA_NACIONAL,nZaFSiUM,Xelaju,5,2.0,3.0,13.0,6.0,13.0,7.0,6.0,14.0,2026-02-26T15:27:00.187819+00:00,GUATEMALA - LIGA NACIONAL - CLAUSURA - ROUND 9
LIGA_NACIONAL_PX1QQF6N,LIGA_NACIONAL,px1qQF6N,Deportivo Mixco,10,2.0,4.0,8.0,-4.0,8.0,12.0,-4.0,8.0,2026-02-26T15:27:00.187819+00:00,GUATEMALA - LIGA NACIONAL - CLAUSURA - ROUND 9
LIGA_NACIONAL_QPBJRBQT,LIGA_NACIONAL,QPbJRBqT,Comunicaciones,2,1.0,3.0,13.0,0.0,13.0,13.0,0.0,16.0,2026-02-26T15:27:00.187819+00:00,GUATEMALA - LIGA NACIONAL - CLAUSURA - ROUND 9
LIGA_NACIONAL_R5OONVIP,LIGA_NACIONAL,r5ooNVip,Municipal,3,3.0,2.0,14.0,4.0,14.0,10.0,4.0,15.0,2026-02-26T15:27:00.187819+00:00,GUATEMALA - LIGA NACIONAL - CLAUSURA - ROUND 9
LIGA_NACIONAL_TVQVF329,LIGA_NACIONAL,tvQVf329,Antigua,9,3.0,4.0,10.0,-4.0,10.0,14.0,-4.0,9.0,2026-02-26T15:27:00.187819+00:00,GUATEMALA - LIGA NACIONAL - CLAUSURA - ROUND 9
LIGA_NACIONAL_WHPWT4LP,LIGA_NACIONAL,WhPWT4LP,Guastatoya,6,3.0,3.0,9.0,1.0,9.0,8.0,1.0,12.0,2026-02-26T15:27:00.187819+00:00,GUATEMALA - LIGA NACIONAL - CLAUSURA - ROUND 9
LIGA_NACIONAL_XFNYVZUC,LIGA_NACIONAL,xfNyVZUc,Marquense,12,2.0,5.0,9.0,-5.0,9.0,14.0,-5.0,8.0,2026-02-26T15:27:00.187819+00:00,GUATEMALA - LIGA NACIONAL - CLAUSURA - ROUND 9
LIGA_PRIMERA_4K7CEFJP,LIGA_PRIMERA,4K7Cefjp,Ferretti,9,3.0,4.0,5.0,-8.0,5.0,13.0,-8.0,9.0,2026-02-26T15:46:58.073844+00:00,NICARAGUA - LIGA PRIMERA - CLAUSURA - ROUND 10
LIGA_PRIMERA_6EPPB9Y0,LIGA_PRIMERA,6ePPb9Y0,Managua FC,7,3.0,4.0,8.0,-3.0,8.0,11.0,-3.0,12.0,2026-02-26T15:46:58.073844+00:00,NICARAGUA - LIGA PRIMERA - CLAUSURA - ROUND 10
LIGA_PRIMERA_8G1J1CCL,LIGA_PRIMERA,8G1J1ccl,Jalapa,3,4.0,2.0,13.0,7.0,13.0,6.0,7.0,16.0,2026-02-26T15:46:58.073844+00:00,NICARAGUA - LIGA PRIMERA - CLAUSURA - ROUND 10
LIGA_PRIMERA_HPQCABS8,LIGA_PRIMERA,hpQcABS8,Rancho Santana,8,3.0,4.0,11.0,-7.0,11.0,18.0,-7.0,9.0,2026-02-26T15:46:58.073844+00:00,NICARAGUA - LIGA PRIMERA - CLAUSURA - ROUND 10
LIGA_PRIMERA_INBGFE5J,LIGA_PRIMERA,INBGfE5j,Esteli,1,3.0,1.0,22.0,12.0,22.0,10.0,12.0,18.0,2026-02-26T15:46:58.073844+00:00,NICARAGUA - LIGA PRIMERA - CLAUSURA - ROUND 10
LIGA_PRIMERA_KNWU1GSM,LIGA_PRIMERA,KnWu1GSM,Diriangen,2,3.0,1.0,16.0,9.0,16.0,7.0,9.0,18.0,2026-02-26T15:46:58.073844+00:00,NICARAGUA - LIGA PRIMERA - CLAUSURA - ROUND 10
LIGA_PRIMERA_N73RQPRC,LIGA_PRIMERA,n73rqpRC,Matagalpa,4,5.0,2.0,11.0,1.0,11.0,10.0,1.0,14.0,2026-02-26T15:46:58.073844+00:00,NICARAGUA - LIGA PRIMERA - CLAUSURA - ROUND 10
LIGA_PRIMERA_PBRU34EP,LIGA_PRIMERA,pbru34ep,Real Madriz,10,2.0,6.0,5.0,-12.0,5.0,17.0,-12.0,5.0,2026-02-26T15:46:58.073844+00:00,NICARAGUA - LIGA PRIMERA - CLAUSURA - ROUND 10
LIGA_PRIMERA_QAD8OFLF,LIGA_PRIMERA,Qad8OfLF,UNAN-Managua,6,3.0,3.0,14.0,-1.0,14.0,15.0,-1.0,12.0,2026-02-26T15:46:58.073844+00:00,NICARAGUA - LIGA PRIMERA - CLAUSURA - ROUND 10
LIGA_PRIMERA_U9GDOV3E,LIGA_PRIMERA,U9gdov3E,Sport Sebaco,5,1.0,5.0,12.0,2.0,12.0,10.0,2.0,13.0,2026-02-26T15:46:58.073844+00:00,NICARAGUA - LIGA PRIMERA - CLAUSURA - ROUND 10
LIGA_PROFESIONAL_0DHZREQL,LIGA_PROFESIONAL,0dHZReql,Central Cordoba,12,2.0,3.0,3.0,-1.0,3.0,4.0,-1.0,8.0,2026-02-26T14:52:04.161901+00:00,ARGENTINA - LIGA PROFESIONAL - APERTURA - ROUND 7
LIGA_PROFESIONAL_2IZ4Q0Z6,LIGA_PROFESIONAL,2iZ4q0z6,Dep. Riestra,14,4.0,3.0,2.0,-3.0,2.0,5.0,-3.0,4.0,2026-02-26T14:52:04.161901+00:00,ARGENTINA - LIGA PROFESIONAL - APERTURA - ROUND 7
LIGA_PROFESIONAL_4QMJ2LNC,LIGA_PROFESIONAL,4QmJ2LNc,Rosario Central,4,2.0,2.0,8.0,2.0,8.0,6.0,2.0,11.0,2026-02-26T15:09:43.910383+00:00,ARGENTINA - LIGA PROFESIONAL - APERTURA - ROUND 7
LIGA_PROFESIONAL_6GMIRHVJ,LIGA_PROFESIONAL,6gMiRHVj,Newells Old Boys,15,2.0,5.0,5.0,-9.0,5.0,14.0,-9.0,2.0,2026-02-26T14:52:04.161901+00:00,ARGENTINA - LIGA PROFESIONAL - APERTURA - ROUND 7
LIGA_PROFESIONAL_80MMDBDN,LIGA_PROFESIONAL,80MMdBdN,Platense,3,3.0,1.0,5.0,2.0,5.0,3.0,2.0,12.0,2026-02-26T14:52:04.161901+00:00,ARGENTINA - LIGA PROFESIONAL - APERTURA - ROUND 7
LIGA_PROFESIONAL_8G45BXRA,LIGA_PROFESIONAL,8G45bXRA,Instituto,11,2.0,3.0,8.0,0.0,8.0,8.0,0.0,8.0,2026-02-26T14:52:04.161901+00:00,ARGENTINA - LIGA PROFESIONAL - APERTURA - ROUND 7
LIGA_PROFESIONAL_AMZATY2S,LIGA_PROFESIONAL,Amzaty2s,Belgrano,1,3.0,0.0,9.0,5.0,9.0,4.0,5.0,15.0,2026-02-26T15:09:43.910383+00:00,ARGENTINA - LIGA PROFESIONAL - APERTURA - ROUND 7
LIGA_PROFESIONAL_BKDDEAVA,LIGA_PROFESIONAL,bkDdeAvA,Talleres Cordoba,7,1.0,3.0,8.0,-1.0,8.0,9.0,-1.0,10.0,2026-02-26T14:52:04.161901+00:00,ARGENTINA - LIGA PROFESIONAL - APERTURA - ROUND 7
LIGA_PROFESIONAL_EG51ADC4,LIGA_PROFESIONAL,Eg51aDC4,Ind. Rivadavia,2,0.0,1.0,10.0,4.0,10.0,6.0,4.0,15.0,2026-02-26T15:09:43.910383+00:00,ARGENTINA - LIGA PROFESIONAL - APERTURA - ROUND 7
LIGA_PROFESIONAL_EU4QRECB,LIGA_PROFESIONAL,Eu4qrEcB,Aldosivi,14,3.0,3.0,2.0,-4.0,2.0,6.0,-4.0,3.0,2026-02-26T15:09:43.910383+00:00,ARGENTINA - LIGA PROFESIONAL - APERTURA - ROUND 7
LIGA_PROFESIONAL_EVQSBE2F,LIGA_PROFESIONAL,EVqSBe2f,River Plate,11,1.0,3.0,4.0,-2.0,4.0,6.0,-2.0,7.0,2026-02-26T15:09:43.910383+00:00,ARGENTINA - LIGA PROFESIONAL - APERTURA - ROUND 7
LIGA_PROFESIONAL_GDFV0ZSH,LIGA_PROFESIONAL,Gdfv0Zsh,Defensa y Justicia,5,5.0,0.0,6.0,2.0,6.0,4.0,2.0,11.0,2026-02-26T14:52:04.161901+00:00,ARGENTINA - LIGA PROFESIONAL - APERTURA - ROUND 7
LIGA_PROFESIONAL_GIB40WNM,LIGA_PROFESIONAL,GIb40wNM,Banfield,9,1.0,3.0,6.0,0.0,6.0,6.0,0.0,7.0,2026-02-26T15:09:43.910383+00:00,ARGENTINA - LIGA PROFESIONAL - APERTURA - ROUND 7
LIGA_PROFESIONAL_HMRWAFH0,LIGA_PROFESIONAL,hMrWAFH0,Boca Juniors,9,2.0,2.0,5.0,1.0,5.0,4.0,1.0,8.0,2026-02-26T14:52:04.161901+00:00,ARGENTINA - LIGA PROFESIONAL - APERTURA - ROUND 7
LIGA_PROFESIONAL_HW08CP6J,LIGA_PROFESIONAL,hW08cP6J,Barracas Central,8,2.0,3.0,5.0,-1.0,5.0,6.0,-1.0,8.0,2026-02-26T15:09:43.910383+00:00,ARGENTINA - LIGA PROFESIONAL - APERTURA - ROUND 7
LIGA_PROFESIONAL_JIDN9ZAJ,LIGA_PROFESIONAL,jiDN9Zaj,Gimnasia L.P.,5,1.0,3.0,7.0,-1.0,7.0,8.0,-1.0,10.0,2026-02-26T15:09:43.910383+00:00,ARGENTINA - LIGA PROFESIONAL - APERTURA - ROUND 7
LIGA_PROFESIONAL_JU1XJOJD,LIGA_PROFESIONAL,ju1xJoJd,San Lorenzo,4,2.0,2.0,7.0,2.0,7.0,5.0,2.0,11.0,2026-02-26T14:52:04.161901+00:00,ARGENTINA - LIGA PROFESIONAL - APERTURA - ROUND 7
LIGA_PROFESIONAL_K2SDXBFE,LIGA_PROFESIONAL,K2sDXbFE,Gimnasia Mendoza,13,1.0,4.0,4.0,-5.0,4.0,9.0,-5.0,7.0,2026-02-26T14:52:04.161901+00:00,ARGENTINA - LIGA PROFESIONAL - APERTURA - ROUND 7
LIGA_PROFESIONAL_KPQPXWKO,LIGA_PROFESIONAL,KpqpxWko,Atl. Tucuman,13,2.0,4.0,9.0,-1.0,9.0,10.0,-1.0,5.0,2026-02-26T15:09:43.910383+00:00,ARGENTINA - LIGA PROFESIONAL - APERTURA - ROUND 7
LIGA_PROFESIONAL_KQ6KGFYC,LIGA_PROFESIONAL,KQ6kGfyc,Sarmiento Junin,12,0.0,4.0,4.0,-2.0,4.0,6.0,-2.0,6.0,2026-02-26T15:09:43.910383+00:00,ARGENTINA - LIGA PROFESIONAL - APERTURA - ROUND 7
LIGA_PROFESIONAL_LLPCIYF2,LIGA_PROFESIONAL,llpcIYF2,Estudiantes Rio Cuarto,15,1.0,5.0,1.0,-10.0,1.0,11.0,-10.0,1.0,2026-02-26T15:09:43.910383+00:00,ARGENTINA - LIGA PROFESIONAL - APERTURA - ROUND 7
LIGA_PROFESIONAL_LR2YMKTK,LIGA_PROFESIONAL,lr2YMkTK,Union de Santa Fe,8,2.0,2.0,6.0,3.0,6.0,3.0,3.0,8.0,2026-02-26T14:52:04.161901+00:00,ARGENTINA - LIGA PROFESIONAL - APERTURA - ROUND 7
LIGA_PROFESIONAL_NKWO1UW4,LIGA_PROFESIONAL,nkwO1uw4,Tigre,3,2.0,1.0,12.0,7.0,12.0,5.0,7.0,14.0,2026-02-26T15:09:43.910383+00:00,ARGENTINA - LIGA PROFESIONAL - APERTURA - ROUND 7
LIGA_PROFESIONAL_OHAPHPM9,LIGA_PROFESIONAL,OhapHPm9,Racing Club,10,1.0,3.0,7.0,-1.0,7.0,8.0,-1.0,7.0,2026-02-26T15:09:43.910383+00:00,ARGENTINA - LIGA PROFESIONAL - APERTURA - ROUND 7
LIGA_PROFESIONAL_P2SKCHXS,LIGA_PROFESIONAL,p2SkCHXs,Estudiantes L.P.,1,3.0,0.0,7.0,5.0,7.0,2.0,5.0,15.0,2026-02-26T14:52:04.161901+00:00,ARGENTINA - LIGA PROFESIONAL - APERTURA - ROUND 7
LIGA_PROFESIONAL_QUXS0AHA,LIGA_PROFESIONAL,QuxS0ahA,Argentinos Jrs,7,2.0,1.0,3.0,1.0,3.0,2.0,1.0,8.0,2026-02-26T15:09:43.910383+00:00,ARGENTINA - LIGA PROFESIONAL - APERTURA - ROUND 7
LIGA_PROFESIONAL_USCR8GFD,LIGA_PROFESIONAL,UsCR8gFd,Velez Sarsfield,2,3.0,0.0,8.0,4.0,8.0,4.0,4.0,15.0,2026-02-26T14:52:04.161901+00:00,ARGENTINA - LIGA PROFESIONAL - APERTURA - ROUND 7
LIGA_PROFESIONAL_UVATI5Y2,LIGA_PROFESIONAL,UVatI5Y2,Independiente,6,4.0,1.0,9.0,2.0,9.0,7.0,2.0,10.0,2026-02-26T14:52:04.161901+00:00,ARGENTINA - LIGA PROFESIONAL - APERTURA - ROUND 7
LIGA_PROFESIONAL_XD3LGQ3F,LIGA_PROFESIONAL,xd3lGq3F,Huracan,6,3.0,1.0,5.0,1.0,5.0,4.0,1.0,9.0,2026-02-26T15:09:43.910383+00:00,ARGENTINA - LIGA PROFESIONAL - APERTURA - ROUND 7
LIGA_PROFESIONAL_Y9YH1J7G,LIGA_PROFESIONAL,Y9yh1J7G,Lanus,10,2.0,1.0,8.0,0.0,8.0,8.0,0.0,8.0,2026-02-26T14:52:04.161901+00:00,ARGENTINA - LIGA PROFESIONAL - APERTURA - ROUND 7
LIGI_KUU_BARA_6O8PEMUK,LIGI_KUU_BARA,6o8pEMUK,Mbeya City,13,4.0,7.0,12.0,-5.0,12.0,17.0,-5.0,13.0,2026-02-26T16:00:01.549487+00:00,TANZANIA - LIGI KUU BARA - ROUND 8
LIGI_KUU_BARA_8SZXN2BT,LIGI_KUU_BARA,8SZxN2bT,Pamba,4,5.0,3.0,16.0,5.0,16.0,11.0,5.0,23.0,2026-02-26T16:00:01.549487+00:00,TANZANIA - LIGI KUU BARA - ROUND 8
LIGI_KUU_BARA_8VCT7K7L,LIGI_KUU_BARA,8vCT7K7l,Coastal Union,12,6.0,6.0,12.0,-5.0,12.0,17.0,-5.0,15.0,2026-02-26T16:00:01.549487+00:00,TANZANIA - LIGI KUU BARA - ROUND 8
LIGI_KUU_BARA_BT4T5II7,LIGI_KUU_BARA,bT4t5Ii7,Tanzania Prisons,14,3.0,8.0,8.0,-8.0,8.0,16.0,-8.0,12.0,2026-02-26T16:00:01.549487+00:00,TANZANIA - LIGI KUU BARA - ROUND 8
LIGI_KUU_BARA_C2SQY01D,LIGI_KUU_BARA,C2SQy01d,Simba,3,2.0,1.0,18.0,14.0,18.0,4.0,14.0,23.0,2026-02-26T16:00:01.549487+00:00,TANZANIA - LIGI KUU BARA - ROUND 8
LIGI_KUU_BARA_DMBOIRBT,LIGI_KUU_BARA,dMbOiRbT,Young Africans,1,1.0,0.0,27.0,25.0,27.0,2.0,25.0,28.0,2026-02-26T16:00:01.549487+00:00,TANZANIA - LIGI KUU BARA - ROUND 8
LIGI_KUU_BARA_HQ372V8J,LIGI_KUU_BARA,hQ372V8j,Mashujaa,9,5.0,6.0,8.0,-7.0,8.0,15.0,-7.0,17.0,2026-02-26T16:00:01.549487+00:00,TANZANIA - LIGI KUU BARA - ROUND 8
LIGI_KUU_BARA_JTBGEVMQ,LIGI_KUU_BARA,jTBgEvMq,Singida Black Stars,11,3.0,2.0,9.0,2.0,9.0,7.0,2.0,15.0,2026-02-26T16:00:01.549487+00:00,TANZANIA - LIGI KUU BARA - ROUND 8
LIGI_KUU_BARA_OFXYFWSL,LIGI_KUU_BARA,OfxyFWsl,Kinondoni MC,16,2.0,12.0,5.0,-20.0,5.0,25.0,-20.0,8.0,2026-02-26T16:00:01.549487+00:00,TANZANIA - LIGI KUU BARA - ROUND 8
LIGI_KUU_BARA_QBZZQ08F,LIGI_KUU_BARA,QBZZQ08f,TRA United,10,4.0,5.0,15.0,0.0,15.0,15.0,0.0,16.0,2026-02-26T16:00:01.549487+00:00,TANZANIA - LIGI KUU BARA - ROUND 8
LIGI_KUU_BARA_RQ101FOU,LIGI_KUU_BARA,rq101FoU,Namungo,8,5.0,5.0,13.0,-1.0,13.0,14.0,-1.0,20.0,2026-02-26T16:00:01.549487+00:00,TANZANIA - LIGI KUU BARA - ROUND 8
LIGI_KUU_BARA_SRPJWYN3,LIGI_KUU_BARA,SrpJwYn3,Azam,5,4.0,0.0,16.0,14.0,16.0,2.0,14.0,22.0,2026-02-26T16:00:01.549487+00:00,TANZANIA - LIGI KUU BARA - ROUND 8
LIGI_KUU_BARA_TWNWFCSS,LIGI_KUU_BARA,tWnWFCSs,JKT Tanzania,2,7.0,3.0,18.0,3.0,18.0,15.0,3.0,28.0,2026-02-26T16:00:01.549487+00:00,TANZANIA - LIGI KUU BARA - ROUND 8
LIGI_KUU_BARA_UZBIFA45,LIGI_KUU_BARA,UZbifa45,Fountain Gate,15,3.0,8.0,6.0,-12.0,6.0,18.0,-12.0,12.0,2026-02-26T16:00:01.549487+00:00,TANZANIA - LIGI KUU BARA - ROUND 8
LIGI_KUU_BARA_YEEY7SB7,LIGI_KUU_BARA,YeeY7sb7,Dodoma Jiji,6,6.0,5.0,14.0,-1.0,14.0,15.0,-1.0,21.0,2026-02-26T16:00:01.549487+00:00,TANZANIA - LIGI KUU BARA - ROUND 8
LIGI_KUU_BARA_YUMRYCHF,LIGI_KUU_BARA,YumRyCHF,Mtibwa Sugar,7,6.0,5.0,13.0,-4.0,13.0,17.0,-4.0,21.0,2026-02-26T16:00:01.549487+00:00,TANZANIA - LIGI KUU BARA - ROUND 8
LIGUE_1_2BAHDFR2,LIGUE_1,2BaHDFR2,Maniema,4,9.0,1.0,17.0,9.0,17.0,8.0,9.0,30.0,2026-02-26T15:17:13.931866+00:00,DR CONGO - LIGUE 1 - ROUND 28
LIGUE_1_4LL8Z4J8,LIGUE_1,4ll8Z4j8,Milo FC,2,3.0,4.0,27.0,15.0,27.0,12.0,15.0,33.0,2026-02-26T15:28:07.258847+00:00,GUINEA - LIGUE 1 - ROUND 18
LIGUE_1_6O9JDESM,LIGUE_1,6o9JdEsM,Sangaredi,9,4.0,8.0,15.0,-4.0,15.0,19.0,-4.0,19.0,2026-02-26T15:28:07.258847+00:00,GUINEA - LIGUE 1 - ROUND 18
LIGUE_1_8E8R91EE,LIGUE_1,8E8r91EE,Ashanti GB,10,4.0,8.0,12.0,-5.0,12.0,17.0,-5.0,19.0,2026-02-26T15:28:07.258847+00:00,GUINEA - LIGUE 1 - ROUND 18
LIGUE_1_8J5HCHRA,LIGUE_1,8j5hchrA,RCC Kamsar,13,5.0,10.0,13.0,-10.0,13.0,23.0,-10.0,14.0,2026-02-26T15:28:07.258847+00:00,GUINEA - LIGUE 1 - ROUND 18
LIGUE_1_A3NXQWT3,LIGUE_1,A3NxqwT3,Bukavu Dawa,14,4.0,13.0,7.0,-22.0,7.0,29.0,-22.0,10.0,2026-02-26T15:17:13.931866+00:00,DR CONGO - LIGUE 1 - ROUND 28
LIGUE_1_A9TPCEI4,LIGUE_1,A9tpcei4,Horoya,1,3.0,3.0,31.0,19.0,31.0,12.0,19.0,36.0,2026-02-26T15:28:07.258847+00:00,GUINEA - LIGUE 1 - ROUND 18
LIGUE_1_AOBOLC96,LIGUE_1,Aobolc96,ASO Chlef,13,6.0,9.0,17.0,-3.0,17.0,20.0,-3.0,21.0,2026-02-26T14:49:13.853328+00:00,ALGERIA - LIGUE 1 - ROUND 21
LIGUE_1_AYC7MYBJ,LIGUE_1,AyC7mybj,Etoile de Kivu,8,5.0,8.0,21.0,-6.0,21.0,27.0,-6.0,23.0,2026-02-26T15:17:13.931866+00:00,DR CONGO - LIGUE 1 - ROUND 28
LIGUE_1_CRCMB35M,LIGUE_1,CrCmB35M,Oran,5,6.0,6.0,21.0,4.0,21.0,17.0,4.0,27.0,2026-02-26T14:49:13.853328+00:00,ALGERIA - LIGUE 1 - ROUND 21
LIGUE_1_D0HLQJ6I,LIGUE_1,d0HLqj6I,AS Vita Club,2,9.0,2.0,25.0,17.0,25.0,8.0,17.0,36.0,2026-02-26T15:17:13.931866+00:00,DR CONGO - LIGUE 1 - ROUND 28
LIGUE_1_DHMQSMOH,LIGUE_1,dhMQsMOh,Olympique Akbou,4,5.0,5.0,24.0,3.0,24.0,21.0,3.0,29.0,2026-02-26T14:49:13.853328+00:00,ALGERIA - LIGUE 1 - ROUND 21
LIGUE_1_E5GUHVON,LIGUE_1,E5gUhvoN,Celeste,5,5.0,5.0,25.0,15.0,25.0,10.0,15.0,26.0,2026-02-26T15:17:13.931866+00:00,DR CONGO - LIGUE 1 - ROUND 28
LIGUE_1_EBHYBBUD,LIGUE_1,EBHYBbuD,Renaissance,12,4.0,9.0,12.0,-11.0,12.0,23.0,-11.0,16.0,2026-02-26T15:28:07.258847+00:00,GUINEA - LIGUE 1 - ROUND 18
LIGUE_1_EDGC6QYP,LIGUE_1,EDgC6qYp,ES Setif,12,8.0,7.0,19.0,-6.0,19.0,25.0,-6.0,23.0,2026-02-26T14:49:13.853328+00:00,ALGERIA - LIGUE 1 - ROUND 21
LIGUE_1_EYOPXQRM,LIGUE_1,EyopxQRM,Loubha,14,4.0,10.0,7.0,-15.0,7.0,22.0,-15.0,13.0,2026-02-26T15:28:07.258847+00:00,GUINEA - LIGUE 1 - ROUND 18
LIGUE_1_FVHSNLKA,LIGUE_1,fVHSnLKa,FC Renaissance,13,8.0,7.0,14.0,-13.0,14.0,27.0,-13.0,17.0,2026-02-26T15:17:13.931866+00:00,DR CONGO - LIGUE 1 - ROUND 28
LIGUE_1_GETTY2R7,LIGUE_1,GETty2R7,Foot Elite,11,4.0,8.0,20.0,-10.0,20.0,30.0,-10.0,19.0,2026-02-26T15:28:07.258847+00:00,GUINEA - LIGUE 1 - ROUND 18
LIGUE_1_HGHHY7AM,LIGUE_1,hGHHy7Am,Rouisset,7,5.0,8.0,19.0,-2.0,19.0,21.0,-2.0,26.0,2026-02-26T14:49:13.853328+00:00,ALGERIA - LIGUE 1 - ROUND 21
LIGUE_1_J5MZPKKH,LIGUE_1,j5mZpKKH,New Jack,9,7.0,7.0,14.0,-3.0,14.0,17.0,-3.0,22.0,2026-02-26T15:17:13.931866+00:00,DR CONGO - LIGUE 1 - ROUND 28
LIGUE_1_J9T7TM2E,LIGUE_1,j9T7TM2E,Mostaganem,15,5.0,12.0,12.0,-9.0,12.0,21.0,-9.0,14.0,2026-02-26T14:49:13.853328+00:00,ALGERIA - LIGUE 1 - ROUND 21
LIGUE_1_JYYDLL4N,LIGUE_1,jyyDlL4n,MK Etancheite,10,7.0,8.0,12.0,-12.0,12.0,24.0,-12.0,19.0,2026-02-26T15:17:13.931866+00:00,DR CONGO - LIGUE 1 - ROUND 28
LIGUE_1_LL5VEAML,LIGUE_1,ll5VeAML,Aigles du Congo,1,7.0,1.0,22.0,15.0,22.0,7.0,15.0,40.0,2026-02-26T15:17:13.931866+00:00,DR CONGO - LIGUE 1 - ROUND 28
LIGUE_1_LYUJTBJ9,LIGUE_1,lYuJtBj9,Khenchela,9,7.0,5.0,21.0,0.0,21.0,21.0,0.0,25.0,2026-02-26T14:49:13.853328+00:00,ALGERIA - LIGUE 1 - ROUND 21
LIGUE_1_MRUECZHS,LIGUE_1,MRueczhs,Dauphins Noirs,3,4.0,7.0,25.0,6.0,25.0,19.0,6.0,31.0,2026-02-26T15:17:13.931866+00:00,DR CONGO - LIGUE 1 - ROUND 28
LIGUE_1_N5DJ8STB,LIGUE_1,n5dj8STB,Hafia,4,3.0,4.0,22.0,10.0,22.0,12.0,10.0,33.0,2026-02-26T15:28:07.258847+00:00,GUINEA - LIGUE 1 - ROUND 18
LIGUE_1_NBIONU2L,LIGUE_1,nBionu2l,Constantine,2,5.0,5.0,25.0,9.0,25.0,16.0,9.0,35.0,2026-02-26T14:49:13.853328+00:00,ALGERIA - LIGUE 1 - ROUND 21
LIGUE_1_NIMCBVEL,LIGUE_1,nimcBvel,Saoura,3,4.0,6.0,23.0,1.0,23.0,22.0,1.0,31.0,2026-02-26T14:49:13.853328+00:00,ALGERIA - LIGUE 1 - ROUND 21
LIGUE_1_OZNAVCPL,LIGUE_1,OzNavCpl,Motema Pembe,6,9.0,3.0,22.0,6.0,22.0,16.0,6.0,24.0,2026-02-26T15:17:13.931866+00:00,DR CONGO - LIGUE 1 - ROUND 28
LIGUE_1_P4RWLMG0,LIGUE_1,p4rwLmg0,CI Kamsar,5,2.0,6.0,19.0,6.0,19.0,13.0,6.0,29.0,2026-02-26T15:28:07.258847+00:00,GUINEA - LIGUE 1 - ROUND 18
LIGUE_1_PGKBNRNL,LIGUE_1,pGKbnrnl,Kaloum Star,3,6.0,2.0,21.0,12.0,21.0,9.0,12.0,33.0,2026-02-26T15:28:07.258847+00:00,GUINEA - LIGUE 1 - ROUND 18
LIGUE_1_QMVZVXCB,LIGUE_1,QmvZvxCB,Ben Aknoun,6,6.0,5.0,24.0,2.0,24.0,22.0,2.0,27.0,2026-02-26T14:49:13.853328+00:00,ALGERIA - LIGUE 1 - ROUND 21
LIGUE_1_RVPF2HUF,LIGUE_1,rVpf2HUF,Karfamoriah,8,5.0,8.0,16.0,-7.0,16.0,23.0,-7.0,20.0,2026-02-26T15:28:07.258847+00:00,GUINEA - LIGUE 1 - ROUND 18
LIGUE_1_S6H5XCS1,LIGUE_1,S6H5xCS1,El Bayadh,16,6.0,12.0,11.0,-15.0,11.0,26.0,-15.0,12.0,2026-02-26T14:49:13.853328+00:00,ALGERIA - LIGUE 1 - ROUND 21
LIGUE_1_STJMJ4EU,LIGUE_1,Stjmj4EU,AC Rangers,7,9.0,5.0,15.0,-2.0,15.0,17.0,-2.0,24.0,2026-02-26T15:17:13.931866+00:00,DR CONGO - LIGUE 1 - ROUND 28
LIGUE_1_TNY2LFCP,LIGUE_1,tnY2Lfcp,MC Alger,1,3.0,2.0,18.0,10.0,18.0,8.0,10.0,36.0,2026-02-26T14:49:13.853328+00:00,ALGERIA - LIGUE 1 - ROUND 21
LIGUE_1_V9RRW7PE,LIGUE_1,v9rrw7PE,Renaissance,12,6.0,7.0,8.0,-5.0,8.0,13.0,-5.0,18.0,2026-02-26T15:17:13.931866+00:00,DR CONGO - LIGUE 1 - ROUND 28
LIGUE_1_VNJLB2JP,LIGUE_1,vNJLB2jP,CR Belouizdad,8,7.0,3.0,20.0,6.0,20.0,14.0,6.0,25.0,2026-02-26T14:49:13.853328+00:00,ALGERIA - LIGUE 1 - ROUND 21
LIGUE_1_WFASKWF0,LIGUE_1,Wfaskwf0,Kabylie,11,6.0,4.0,19.0,3.0,19.0,16.0,3.0,24.0,2026-02-26T14:49:13.853328+00:00,ALGERIA - LIGUE 1 - ROUND 21
LIGUE_1_WIYFFF3J,LIGUE_1,WIyffF3J,Paradou,14,2.0,11.0,20.0,-8.0,20.0,28.0,-8.0,17.0,2026-02-26T14:49:13.853328+00:00,ALGERIA - LIGUE 1 - ROUND 21
LIGUE_1_WNSTCVQ6,LIGUE_1,WnSTCvQ6,Wakriya,6,7.0,4.0,13.0,-1.0,13.0,14.0,-1.0,25.0,2026-02-26T15:28:07.258847+00:00,GUINEA - LIGUE 1 - ROUND 18
LIGUE_1_XPM6RU9K,LIGUE_1,xpM6rU9K,ASFAG,7,2.0,8.0,19.0,1.0,19.0,18.0,1.0,23.0,2026-02-26T15:28:07.258847+00:00,GUINEA - LIGUE 1 - ROUND 18
LIGUE_1_Z9CAJOJT,LIGUE_1,z9cAjOjt,Anges Verts,11,9.0,6.0,15.0,-5.0,15.0,20.0,-5.0,18.0,2026-02-26T15:17:13.931866+00:00,DR CONGO - LIGUE 1 - ROUND 28
LIGUE_1_ZUQZOAKC,LIGUE_1,zuQzoakC,Martin Pecheur,15,0.0,0.0,0.0,0.0,0.0,0.0,0.0,0.0,2026-02-26T15:17:13.931866+00:00,DR CONGO - LIGUE 1 - ROUND 28
LIGUE_1_ZXBIDJ5T,LIGUE_1,zXBidj5t,USM Alger,10,9.0,2.0,19.0,5.0,19.0,14.0,5.0,24.0,2026-02-26T14:49:13.853328+00:00,ALGERIA - LIGUE 1 - ROUND 21
PAULISTA_A3_0CFVLMWU,PAULISTA_A3,0CFvLMWu,Catanduva,4,4.0,1.0,12.0,6.0,12.0,6.0,6.0,16.0,2026-02-26T15:01:18.042569+00:00,BRAZIL - PAULISTA A3 - ROUND 9
PAULISTA_A3_4PAKPC40,PAULISTA_A3,4paKPC40,Uniao Barbarense,8,4.0,2.0,8.0,0.0,8.0,8.0,0.0,13.0,2026-02-26T15:01:18.042569+00:00,BRAZIL - PAULISTA A3 - ROUND 9
PAULISTA_A3_AKPEBY3K,PAULISTA_A3,AkPEBy3K,Rio Claro,3,2.0,1.0,11.0,5.0,11.0,6.0,5.0,17.0,2026-02-26T15:01:18.042569+00:00,BRAZIL - PAULISTA A3 - ROUND 9
PAULISTA_A3_CNCEM7WU,PAULISTA_A3,CncEm7wU,XV de Jau,6,2.0,3.0,9.0,1.0,9.0,8.0,1.0,14.0,2026-02-26T15:01:18.042569+00:00,BRAZIL - PAULISTA A3 - ROUND 9
PAULISTA_A3_DGRPG9UR,PAULISTA_A3,dGRPg9UR,Rio Branco SP,11,4.0,3.0,7.0,-4.0,7.0,11.0,-4.0,10.0,2026-02-26T15:01:18.042569+00:00,BRAZIL - PAULISTA A3 - ROUND 9
PAULISTA_A3_H8OMBQ66,PAULISTA_A3,h8omBq66,Uniao Suzano,15,2.0,6.0,7.0,-6.0,7.0,13.0,-6.0,5.0,2026-02-26T15:01:18.042569+00:00,BRAZIL - PAULISTA A3 - ROUND 9
PAULISTA_A3_LE9BUKJJ,PAULISTA_A3,lE9bukjj,Francana,13,0.0,7.0,6.0,-6.0,6.0,12.0,-6.0,6.0,2026-02-26T15:01:18.042569+00:00,BRAZIL - PAULISTA A3 - ROUND 9
PAULISTA_A3_MRDSXMKF,PAULISTA_A3,MRDsXMKF,Marilia,2,4.0,0.0,14.0,10.0,14.0,4.0,10.0,19.0,2026-02-26T15:01:18.042569+00:00,BRAZIL - PAULISTA A3 - ROUND 9
PAULISTA_A3_NMVJWSC1,PAULISTA_A3,nmVjwSC1,Portuguesa Santista,1,0.0,2.0,15.0,8.0,15.0,7.0,8.0,21.0,2026-02-26T15:01:18.042569+00:00,BRAZIL - PAULISTA A3 - ROUND 9
PAULISTA_A3_NOXM1KD7,PAULISTA_A3,noXm1KD7,Rio Preto,7,5.0,1.0,13.0,3.0,13.0,10.0,3.0,14.0,2026-02-26T15:01:18.042569+00:00,BRAZIL - PAULISTA A3 - ROUND 9
PAULISTA_A3_RYBOOWJ6,PAULISTA_A3,rybOOWJ6,Uniao Sao Joao,10,2.0,4.0,8.0,0.0,8.0,8.0,0.0,11.0,2026-02-26T15:01:18.042569+00:00,BRAZIL - PAULISTA A3 - ROUND 9
PAULISTA_A3_S8Q3Z4O7,PAULISTA_A3,S8q3z4o7,Desportivo,14,3.0,5.0,5.0,-9.0,5.0,14.0,-9.0,6.0,2026-02-26T15:01:18.042569+00:00,BRAZIL - PAULISTA A3 - ROUND 9
PAULISTA_A3_SOH76S8I,PAULISTA_A3,SOH76S8I,EC Sao Bernardo,5,3.0,2.0,11.0,4.0,11.0,7.0,4.0,15.0,2026-02-26T15:01:18.042569+00:00,BRAZIL - PAULISTA A3 - ROUND 9
PAULISTA_A3_UCBEFG6J,PAULISTA_A3,UcbefG6J,Itapirense,16,1.0,6.0,8.0,-7.0,8.0,15.0,-7.0,4.0,2026-02-26T15:01:18.042569+00:00,BRAZIL - PAULISTA A3 - ROUND 9
PAULISTA_A3_UQKGAZPT,PAULISTA_A3,UqkGazpt,Bandeirante,12,4.0,3.0,6.0,-5.0,6.0,11.0,-5.0,10.0,2026-02-26T15:01:18.042569+00:00,BRAZIL - PAULISTA A3 - ROUND 9
PAULISTA_A3_UWAWAHME,PAULISTA_A3,UwAwaHmE,Paulista,9,2.0,4.0,9.0,0.0,9.0,9.0,0.0,11.0,2026-02-26T15:01:18.042569+00:00,BRAZIL - PAULISTA A3 - ROUND 9
PERSIAN_GULF_PRO_LEAGUE_0G6ANTCS,PERSIAN_GULF_PRO_LEAGUE,0G6ANTCs,Paykan,12,8.0,9.0,15.0,-6.0,15.0,21.0,-6.0,23.0,2026-02-26T15:31:24.535001+00:00,IRAN - PERSIAN GULF PRO LEAGUE - ROUND 23
PERSIAN_GULF_PRO_LEAGUE_0WMFJQN9,PERSIAN_GULF_PRO_LEAGUE,0WmFJqn9,Esteghlal Khuzestan,11,7.0,9.0,16.0,-7.0,16.0,23.0,-7.0,25.0,2026-02-26T15:31:24.535001+00:00,IRAN - PERSIAN GULF PRO LEAGUE - ROUND 23
PERSIAN_GULF_PRO_LEAGUE_0Y0GRDAG,PERSIAN_GULF_PRO_LEAGUE,0Y0GrDaG,Kheybar Khorramabad,8,8.0,7.0,22.0,0.0,22.0,22.0,0.0,29.0,2026-02-26T15:31:24.535001+00:00,IRAN - PERSIAN GULF PRO LEAGUE - ROUND 23
PERSIAN_GULF_PRO_LEAGUE_2SXLJ7RO,PERSIAN_GULF_PRO_LEAGUE,2sxLj7ro,Shams Azar Qazvin,13,13.0,6.0,15.0,-2.0,15.0,17.0,-2.0,22.0,2026-02-26T15:31:24.535001+00:00,IRAN - PERSIAN GULF PRO LEAGUE - ROUND 23
PERSIAN_GULF_PRO_LEAGUE_4SV9APYN,PERSIAN_GULF_PRO_LEAGUE,4SV9apYN,Sepahan,2,5.0,5.0,24.0,11.0,24.0,13.0,11.0,38.0,2026-02-26T15:31:24.535001+00:00,IRAN - PERSIAN GULF PRO LEAGUE - ROUND 23
PERSIAN_GULF_PRO_LEAGUE_4W9BSA0B,PERSIAN_GULF_PRO_LEAGUE,4W9bSa0b,Chadormalu,6,8.0,5.0,25.0,6.0,25.0,19.0,6.0,32.0,2026-02-26T15:31:24.535001+00:00,IRAN - PERSIAN GULF PRO LEAGUE - ROUND 23
PERSIAN_GULF_PRO_LEAGUE_6HP7TGT2,PERSIAN_GULF_PRO_LEAGUE,6HP7tgt2,Zob Ahan,15,10.0,8.0,12.0,-7.0,12.0,19.0,-7.0,19.0,2026-02-26T15:31:24.535001+00:00,IRAN - PERSIAN GULF PRO LEAGUE - ROUND 23
PERSIAN_GULF_PRO_LEAGUE_DNDYOMSM,PERSIAN_GULF_PRO_LEAGUE,dndyOmSm,Foolad,10,10.0,5.0,19.0,3.0,19.0,16.0,3.0,28.0,2026-02-26T15:31:24.535001+00:00,IRAN - PERSIAN GULF PRO LEAGUE - ROUND 23
PERSIAN_GULF_PRO_LEAGUE_IVY1ZYXH,PERSIAN_GULF_PRO_LEAGUE,IVy1ZyxH,Tractor,3,9.0,3.0,29.0,17.0,29.0,12.0,17.0,36.0,2026-02-26T15:31:24.535001+00:00,IRAN - PERSIAN GULF PRO LEAGUE - ROUND 23
PERSIAN_GULF_PRO_LEAGUE_JNQQS6QN,PERSIAN_GULF_PRO_LEAGUE,jNQqs6qN,Mes Rafsanjan,16,6.0,13.0,13.0,-16.0,13.0,29.0,-16.0,15.0,2026-02-26T15:31:24.535001+00:00,IRAN - PERSIAN GULF PRO LEAGUE - ROUND 23
PERSIAN_GULF_PRO_LEAGUE_KATU9AOA,PERSIAN_GULF_PRO_LEAGUE,KAtu9Aoa,Esteghlal F.C.,1,8.0,3.0,27.0,12.0,27.0,15.0,12.0,38.0,2026-02-26T15:31:24.535001+00:00,IRAN - PERSIAN GULF PRO LEAGUE - ROUND 23
PERSIAN_GULF_PRO_LEAGUE_KZFVMGGD,PERSIAN_GULF_PRO_LEAGUE,KzfvmgGd,Persepolis,5,7.0,6.0,23.0,4.0,23.0,19.0,4.0,34.0,2026-02-26T15:31:24.535001+00:00,IRAN - PERSIAN GULF PRO LEAGUE - ROUND 23
PERSIAN_GULF_PRO_LEAGUE_PHMELOC6,PERSIAN_GULF_PRO_LEAGUE,phMeLoC6,Malavan,9,8.0,7.0,13.0,-8.0,13.0,21.0,-8.0,29.0,2026-02-26T15:31:24.535001+00:00,IRAN - PERSIAN GULF PRO LEAGUE - ROUND 23
PERSIAN_GULF_PRO_LEAGUE_TSKMSUNB,PERSIAN_GULF_PRO_LEAGUE,tSKMsunB,Aluminium Arak,14,7.0,10.0,14.0,-7.0,14.0,21.0,-7.0,22.0,2026-02-26T15:31:24.535001+00:00,IRAN - PERSIAN GULF PRO LEAGUE - ROUND 23
PERSIAN_GULF_PRO_LEAGUE_VEJMN7SF,PERSIAN_GULF_PRO_LEAGUE,veJmN7sf,Fajr Sepasi,7,6.0,8.0,24.0,-1.0,24.0,25.0,-1.0,30.0,2026-02-26T15:31:24.535001+00:00,IRAN - PERSIAN GULF PRO LEAGUE - ROUND 23
PERSIAN_GULF_PRO_LEAGUE_VI9YQ6UT,PERSIAN_GULF_PRO_LEAGUE,vi9YQ6UT,Gol Gohar,4,6.0,6.0,24.0,1.0,24.0,23.0,1.0,36.0,2026-02-26T15:31:24.535001+00:00,IRAN - PERSIAN GULF PRO LEAGUE - ROUND 23
PREMIER_LEAGUE_00ZUWKHC,PREMIER_LEAGUE,00ZuwKHc,Mekelle 70 Enderta,18,4.0,nan,7.0,14.0,14.0,22.0,-8.0,22.0,2026-02-26T15:25:57.994543+00:00,ETHIOPIA - PREMIER LEAGUE - ROUND 21
PREMIER_LEAGUE_27BLOVM3,PREMIER_LEAGUE,27bLOvM3,Ethiopian Insurance,14,5.0,8.0,8.0,15.0,15.0,16.0,-1.0,23.0,2026-02-26T15:25:57.994543+00:00,ETHIOPIA - PREMIER LEAGUE - ROUND 21
PREMIER_LEAGUE_2BDWY7XI,PREMIER_LEAGUE,2BDwY7xI,Al Watan,8,4.0,4.0,7.0,-3.0,7.0,10.0,-3.0,10.0,2026-02-26T15:44:51.447561+00:00,LIBYA - PREMIER LEAGUE
PREMIER_LEAGUE_2YAFXBJ3,PREMIER_LEAGUE,2yAFxbj3,Ethiopia Bunna,13,6.0,nan,8.0,16.0,16.0,20.0,-4.0,24.0,2026-02-26T15:25:57.994543+00:00,ETHIOPIA - PREMIER LEAGUE - ROUND 21
PREMIER_LEAGUE_6PBLEFBD,PREMIER_LEAGUE,6PbLEfbd,Welayta Dicha,17,4.0,10.0,7.0,22.0,22.0,24.0,-2.0,22.0,2026-02-26T15:25:57.994543+00:00,ETHIOPIA - PREMIER LEAGUE - ROUND 21
PREMIER_LEAGUE_82TCMBKF,PREMIER_LEAGUE,82TCMBKF,Military Union,2,3.0,1.0,13.0,9.0,13.0,4.0,9.0,18.0,2026-02-26T15:42:21.1793+00:00,LIBYA - PREMIER LEAGUE
PREMIER_LEAGUE_88XEVJ6U,PREMIER_LEAGUE,88xeVj6U,Al Jazeera Amman,5,3.0,8.0,16.0,-8.0,16.0,24.0,-8.0,21.0,2026-02-26T15:40:09.497835+00:00,JORDAN - PREMIER LEAGUE - ROUND 17
PREMIER_LEAGUE_AC5CGGTQ,PREMIER_LEAGUE,Ac5CGGTq,Arba Menche,20,1.0,10.0,9.0,11.0,11.0,23.0,-12.0,13.0,2026-02-26T15:25:57.994543+00:00,ETHIOPIA - PREMIER LEAGUE - ROUND 21
PREMIER_LEAGUE_BDKKAIK5,PREMIER_LEAGUE,bDKkAiK5,Abu Salim,10,3.0,6.0,8.0,-8.0,8.0,16.0,-8.0,6.0,2026-02-26T15:44:51.447561+00:00,LIBYA - PREMIER LEAGUE
PREMIER_LEAGUE_BHIHTUAP,PREMIER_LEAGUE,bHIHtuAP,Al Salt,6,4.0,7.0,19.0,-1.0,19.0,20.0,-1.0,19.0,2026-02-26T15:40:09.497835+00:00,JORDAN - PREMIER LEAGUE - ROUND 17
PREMIER_LEAGUE_C4WZPEN7,PREMIER_LEAGUE,C4WZPen7,Al Taawun,3,2.0,2.0,10.0,3.0,10.0,7.0,3.0,17.0,2026-02-26T15:42:21.1793+00:00,LIBYA - PREMIER LEAGUE
PREMIER_LEAGUE_CLMOLJVF,PREMIER_LEAGUE,ClmOlJvf,Al Ahly Tripoli,1,2.0,0.0,27.0,22.0,27.0,5.0,22.0,29.0,2026-02-26T15:44:51.447561+00:00,LIBYA - PREMIER LEAGUE
PREMIER_LEAGUE_CRNQ8WJF,PREMIER_LEAGUE,CrNQ8wjF,Adama City,5,7.0,11.0,3.0,19.0,19.0,17.0,2.0,32.0,2026-02-26T15:25:57.994543+00:00,ETHIOPIA - PREMIER LEAGUE - ROUND 21
PREMIER_LEAGUE_DGSH4EOJ,PREMIER_LEAGUE,dGsh4eOj,Al Wehdat,4,3.0,4.0,19.0,9.0,19.0,10.0,9.0,30.0,2026-02-26T15:40:09.497835+00:00,JORDAN - PREMIER LEAGUE - ROUND 17
PREMIER_LEAGUE_ELM3WGVF,PREMIER_LEAGUE,ELM3WgvF,Foresters FC,1,0.0,3.0,24.0,12.0,24.0,12.0,12.0,24.0,2026-02-26T15:58:54.827851+00:00,SEYCHELLES - PREMIER LEAGUE - ROUND 12
PREMIER_LEAGUE_EPLOZI1G,PREMIER_LEAGUE,EPlozI1G,Welwalo Adigrat,19,3.0,9.0,8.0,13.0,13.0,22.0,-9.0,18.0,2026-02-26T15:25:57.994543+00:00,ETHIOPIA - PREMIER LEAGUE - ROUND 21
PREMIER_LEAGUE_EUDJ3M54,PREMIER_LEAGUE,EuDj3M54,Cote d'Or,2,1.0,3.0,25.0,9.0,25.0,16.0,9.0,22.0,2026-02-26T15:58:54.827851+00:00,SEYCHELLES - PREMIER LEAGUE - ROUND 12
PREMIER_LEAGUE_F5YJWWJO,PREMIER_LEAGUE,f5YjWWjO,Al Ramtha,3,7.0,1.0,24.0,13.0,24.0,11.0,13.0,34.0,2026-02-26T15:40:09.497835+00:00,JORDAN - PREMIER LEAGUE - ROUND 17
PREMIER_LEAGUE_FF7FZEZP,PREMIER_LEAGUE,fF7FZEzp,Mechal,6,8.0,nan,6.0,27.0,27.0,19.0,8.0,31.0,2026-02-26T15:25:57.994543+00:00,ETHIOPIA - PREMIER LEAGUE - ROUND 21
PREMIER_LEAGUE_GONVBIR9,PREMIER_LEAGUE,GOnVBIr9,Sheger Ketema,16,4.0,11.0,6.0,17.0,17.0,20.0,-3.0,23.0,2026-02-26T15:25:57.994543+00:00,ETHIOPIA - PREMIER LEAGUE - ROUND 21
PREMIER_LEAGUE_H4BAB20O,PREMIER_LEAGUE,h4Bab20o,Shire Endaselassie,15,5.0,8.0,7.0,13.0,13.0,14.0,-1.0,23.0,2026-02-26T15:25:57.994543+00:00,ETHIOPIA - PREMIER LEAGUE - ROUND 21
PREMIER_LEAGUE_HMFHFZQJ,PREMIER_LEAGUE,hMfHFzqj,Sidama Bunna,2,9.0,9.0,2.0,24.0,24.0,10.0,14.0,36.0,2026-02-26T15:25:57.994543+00:00,ETHIOPIA - PREMIER LEAGUE - ROUND 21
PREMIER_LEAGUE_HOIG83VS,PREMIER_LEAGUE,hOiG83Vs,Hadiya Hossana,12,6.0,6.0,8.0,17.0,17.0,21.0,-4.0,24.0,2026-02-26T15:25:57.994543+00:00,ETHIOPIA - PREMIER LEAGUE - ROUND 21
PREMIER_LEAGUE_IG4EUKAT,PREMIER_LEAGUE,Ig4eUKaT,Negele Arsi Ketema,1,10.0,nan,4.0,22.0,22.0,13.0,9.0,37.0,2026-02-26T15:25:57.994543+00:00,ETHIOPIA - PREMIER LEAGUE - ROUND 21
PREMIER_LEAGUE_IR6WGG9K,PREMIER_LEAGUE,IR6wGG9k,Al-Anwar,6,7.0,2.0,8.0,-3.0,8.0,11.0,-3.0,7.0,2026-02-26T15:42:21.1793+00:00,LIBYA - PREMIER LEAGUE
PREMIER_LEAGUE_IW5JR76R,PREMIER_LEAGUE,Iw5jr76r,Asswehly,2,4.0,0.0,18.0,11.0,18.0,7.0,11.0,22.0,2026-02-26T15:44:51.447561+00:00,LIBYA - PREMIER LEAGUE
PREMIER_LEAGUE_J5JKOFUG,PREMIER_LEAGUE,j5JKOfug,Anse Reunion,5,2.0,3.0,18.0,8.0,18.0,10.0,8.0,20.0,2026-02-26T15:58:54.827851+00:00,SEYCHELLES - PREMIER LEAGUE - ROUND 12
PREMIER_LEAGUE_J9MK0B3Q,PREMIER_LEAGUE,j9mK0B3Q,Al Hussein,2,4.0,1.0,36.0,27.0,36.0,9.0,27.0,34.0,2026-02-26T15:40:09.497835+00:00,JORDAN - PREMIER LEAGUE - ROUND 17
PREMIER_LEAGUE_KBFMJPKE,PREMIER_LEAGUE,KbfmjPKe,Al Ahli,9,5.0,10.0,14.0,-15.0,14.0,29.0,-15.0,11.0,2026-02-26T15:40:09.497835+00:00,JORDAN - PREMIER LEAGUE - ROUND 17
PREMIER_LEAGUE_KXTOLFF9,PREMIER_LEAGUE,KxTOlfF9,Bel Air,3,3.0,2.0,16.0,4.0,16.0,12.0,4.0,21.0,2026-02-26T15:58:54.827851+00:00,SEYCHELLES - PREMIER LEAGUE - ROUND 12
PREMIER_LEAGUE_LD5M1LKT,PREMIER_LEAGUE,ld5M1lKt,Shabab Al Ordon,8,5.0,8.0,14.0,-12.0,14.0,26.0,-12.0,17.0,2026-02-26T15:40:09.497835+00:00,JORDAN - PREMIER LEAGUE - ROUND 17
PREMIER_LEAGUE_LMTFAFK0,PREMIER_LEAGUE,lMtfAfk0,St. George,11,6.0,6.0,8.0,16.0,16.0,17.0,-1.0,24.0,2026-02-26T15:25:57.994543+00:00,ETHIOPIA - PREMIER LEAGUE - ROUND 21
PREMIER_LEAGUE_O86TIE4P,PREMIER_LEAGUE,O86tie4p,Darnes,7,3.0,5.0,8.0,-4.0,8.0,12.0,-4.0,6.0,2026-02-26T15:42:21.1793+00:00,LIBYA - PREMIER LEAGUE
PREMIER_LEAGUE_OJFGAUTG,PREMIER_LEAGUE,OjFGAutG,Saint Louis,7,1.0,6.0,14.0,-3.0,14.0,17.0,-3.0,13.0,2026-02-26T15:58:54.827851+00:00,SEYCHELLES - PREMIER LEAGUE - ROUND 12
PREMIER_LEAGUE_OOYIJQVT,PREMIER_LEAGUE,OOYijqVT,Al Malaab El Libby,5,3.0,4.0,10.0,-2.0,10.0,12.0,-2.0,12.0,2026-02-26T15:44:51.447561+00:00,LIBYA - PREMIER LEAGUE
PREMIER_LEAGUE_PC8F0AG3,PREMIER_LEAGUE,pC8f0aG3,Al Hilal Benghazi,1,3.0,0.0,12.0,8.0,12.0,4.0,8.0,21.0,2026-02-26T15:42:21.1793+00:00,LIBYA - PREMIER LEAGUE
PREMIER_LEAGUE_PPDYPUPJ,PREMIER_LEAGUE,ppDypUPj,Dire Dawa,9,5.0,10.0,6.0,14.0,14.0,21.0,-7.0,25.0,2026-02-26T15:25:57.994543+00:00,ETHIOPIA - PREMIER LEAGUE - ROUND 21
PREMIER_LEAGUE_RBSII9VM,PREMIER_LEAGUE,rBsII9Vm,Al-Khmes,6,3.0,4.0,13.0,-5.0,13.0,18.0,-5.0,12.0,2026-02-26T15:44:51.447561+00:00,LIBYA - PREMIER LEAGUE
PREMIER_LEAGUE_RBWUCQ38,PREMIER_LEAGUE,rBwuCq38,Fasil Kenema,4,8.0,9.0,3.0,15.0,15.0,11.0,4.0,33.0,2026-02-26T15:25:57.994543+00:00,ETHIOPIA - PREMIER LEAGUE - ROUND 21
PREMIER_LEAGUE_RQLCN7IB,PREMIER_LEAGUE,rqlCn7iB,Al Dahra,7,4.0,5.0,12.0,-3.0,12.0,15.0,-3.0,10.0,2026-02-26T15:44:51.447561+00:00,LIBYA - PREMIER LEAGUE
PREMIER_LEAGUE_RRCIGQOR,PREMIER_LEAGUE,rRcIGQOR,Revengers,10,1.0,10.0,6.0,-26.0,6.0,32.0,-26.0,1.0,2026-02-26T15:58:54.827851+00:00,SEYCHELLES - PREMIER LEAGUE - ROUND 12
PREMIER_LEAGUE_RUPS27JS,PREMIER_LEAGUE,ruPS27js,Al Sadaqa,5,3.0,3.0,12.0,3.0,12.0,9.0,3.0,15.0,2026-02-26T15:42:21.1793+00:00,LIBYA - PREMIER LEAGUE
PREMIER_LEAGUE_U36IDYL0,PREMIER_LEAGUE,U36idyL0,Al Ahly Benghazi,4,3.0,1.0,11.0,8.0,11.0,3.0,8.0,15.0,2026-02-26T15:42:21.1793+00:00,LIBYA - PREMIER LEAGUE
PREMIER_LEAGUE_UOMUDRCL,PREMIER_LEAGUE,UomuDRcL,Assabah,3,3.0,4.0,8.0,-1.0,8.0,9.0,-1.0,15.0,2026-02-26T15:44:51.447561+00:00,LIBYA - PREMIER LEAGUE
PREMIER_LEAGUE_UWCWAARL,PREMIER_LEAGUE,UwcWaARL,Al-Suqoor,9,1.0,7.0,6.0,-16.0,6.0,22.0,-16.0,4.0,2026-02-26T15:42:21.1793+00:00,LIBYA - PREMIER LEAGUE
PREMIER_LEAGUE_UY4THC4U,PREMIER_LEAGUE,Uy4thc4U,Al Borouq,8,3.0,6.0,3.0,-8.0,3.0,11.0,-8.0,6.0,2026-02-26T15:42:21.1793+00:00,LIBYA - PREMIER LEAGUE
PREMIER_LEAGUE_V7GATWMR,PREMIER_LEAGUE,v7GATwmr,Al Madina,4,3.0,4.0,13.0,-2.0,13.0,15.0,-2.0,15.0,2026-02-26T15:44:51.447561+00:00,LIBYA - PREMIER LEAGUE
PREMIER_LEAGUE_VADITWLJ,PREMIER_LEAGUE,vaDiTwlJ,Al Qadisiyah,9,1.0,6.0,3.0,-9.0,3.0,12.0,-9.0,10.0,2026-02-26T15:44:51.447561+00:00,LIBYA - PREMIER LEAGUE
PREMIER_LEAGUE_VBQEK5C4,PREMIER_LEAGUE,vBqEk5c4,St Michel United,9,2.0,7.0,17.0,-7.0,17.0,24.0,-7.0,8.0,2026-02-26T15:58:54.827851+00:00,SEYCHELLES - PREMIER LEAGUE - ROUND 12
PREMIER_LEAGUE_VFETMX6M,PREMIER_LEAGUE,vFEtMx6M,Ethiopia Nigd Bank,10,5.0,9.0,6.0,25.0,25.0,25.0,0.0,24.0,2026-02-26T15:25:57.994543+00:00,ETHIOPIA - PREMIER LEAGUE - ROUND 21
PREMIER_LEAGUE_VSBYW1N7,PREMIER_LEAGUE,vsbYw1n7,Al Buqaa,7,6.0,6.0,23.0,-12.0,23.0,35.0,-12.0,18.0,2026-02-26T15:40:09.497835+00:00,JORDAN - PREMIER LEAGUE - ROUND 17
PREMIER_LEAGUE_VSVCJXBP,PREMIER_LEAGUE,vsvcjXbp,Ethio Electric,7,6.0,10.0,4.0,11.0,11.0,10.0,1.0,28.0,2026-02-26T15:25:57.994543+00:00,ETHIOPIA - PREMIER LEAGUE - ROUND 21
PREMIER_LEAGUE_VVJVW85K,PREMIER_LEAGUE,vVjVW85k,Sama Al Sarhan,10,2.0,14.0,10.0,-21.0,10.0,31.0,-21.0,5.0,2026-02-26T15:40:09.497835+00:00,JORDAN - PREMIER LEAGUE - ROUND 17
PREMIER_LEAGUE_XINJBBXE,PREMIER_LEAGUE,xINjbBxe,Al-Faisaly Amman,1,3.0,2.0,37.0,20.0,37.0,17.0,20.0,36.0,2026-02-26T15:40:09.497835+00:00,JORDAN - PREMIER LEAGUE - ROUND 17
PREMIER_LEAGUE_Y54TCLNF,PREMIER_LEAGUE,Y54TCLNF,Bazar Brothers,4,5.0,1.0,23.0,11.0,23.0,12.0,11.0,20.0,2026-02-26T15:58:54.827851+00:00,SEYCHELLES - PREMIER LEAGUE - ROUND 12
PREMIER_LEAGUE_YEJ5RTW6,PREMIER_LEAGUE,YeJ5rtW6,Hawassa,3,10.0,6.0,4.0,23.0,23.0,11.0,12.0,36.0,2026-02-26T15:25:57.994543+00:00,ETHIOPIA - PREMIER LEAGUE - ROUND 21
PREMIER_LEAGUE_Z1FAINFF,PREMIER_LEAGUE,z1fAInfF,Lightstars,8,3.0,6.0,9.0,-11.0,9.0,20.0,-11.0,9.0,2026-02-26T15:58:54.827851+00:00,SEYCHELLES - PREMIER LEAGUE - ROUND 12
PREMIER_LEAGUE_ZLWAVKWG,PREMIER_LEAGUE,zLwAvKwG,Real Maldives,6,2.0,4.0,20.0,3.0,20.0,17.0,3.0,17.0,2026-02-26T15:58:54.827851+00:00,SEYCHELLES - PREMIER LEAGUE - ROUND 12
PREMIER_LEAGUE_ZQA9ZINP,PREMIER_LEAGUE,zqa9ZINp,Bahir Dar Kenema,8,5.0,12.0,3.0,15.0,15.0,13.0,2.0,27.0,2026-02-26T15:25:57.994543+00:00,ETHIOPIA - PREMIER LEAGUE - ROUND 21
PREMIERE_DIVISION_6BTZSN13,PREMIERE_DIVISION,6BtZsN13,Foullah Edifice,1,1.0,2.0,39.0,26.0,39.0,13.0,26.0,40.0,2026-02-26T15:14:04.004853+00:00,CHAD - PREMIERE DIVISION - LPFN - ROUND 17
PREMIERE_DIVISION_CW5XMIDC,PREMIERE_DIVISION,CW5xMidc,Fehra,11,3.0,8.0,20.0,-6.0,20.0,26.0,-6.0,18.0,2026-02-26T15:14:04.004853+00:00,CHAD - PREMIERE DIVISION - LPFN - ROUND 17
PREMIERE_DIVISION_F5K1QMG0,PREMIERE_DIVISION,f5K1qMG0,Renaissance,2,3.0,3.0,37.0,18.0,37.0,19.0,18.0,33.0,2026-02-26T15:14:04.004853+00:00,CHAD - PREMIERE DIVISION - LPFN - ROUND 17
PREMIERE_DIVISION_FD4C3XYP,PREMIERE_DIVISION,fD4c3xYP,Sovotours,3,4.0,3.0,25.0,14.0,25.0,11.0,14.0,31.0,2026-02-26T15:14:04.004853+00:00,CHAD - PREMIERE DIVISION - LPFN - ROUND 17
PREMIERE_DIVISION_GYCKRU1F,PREMIERE_DIVISION,GYcKRU1F,Stars J. Talents,8,3.0,6.0,25.0,-1.0,25.0,26.0,-1.0,24.0,2026-02-26T15:14:04.004853+00:00,CHAD - PREMIERE DIVISION - LPFN - ROUND 17
PREMIERE_DIVISION_JOX7CKY0,PREMIERE_DIVISION,joX7cky0,Gazelle,9,3.0,7.0,21.0,-2.0,21.0,23.0,-2.0,21.0,2026-02-26T15:14:04.004853+00:00,CHAD - PREMIERE DIVISION - LPFN - ROUND 17
PREMIERE_DIVISION_LAAYJK6L,PREMIERE_DIVISION,lAAYjK6l,USM,13,2.0,11.0,19.0,-20.0,19.0,39.0,-20.0,14.0,2026-02-26T15:14:04.004853+00:00,CHAD - PREMIERE DIVISION - LPFN - ROUND 17
PREMIERE_DIVISION_LFMTRCRA,PREMIERE_DIVISION,lfMtrcrA,CotonTchad,12,4.0,9.0,19.0,-16.0,19.0,35.0,-16.0,16.0,2026-02-26T15:14:04.004853+00:00,CHAD - PREMIERE DIVISION - LPFN - ROUND 17
PREMIERE_DIVISION_LJT67ESH,PREMIERE_DIVISION,ljt67esH,Yves,6,2.0,7.0,27.0,7.0,27.0,20.0,7.0,26.0,2026-02-26T15:14:04.004853+00:00,CHAD - PREMIERE DIVISION - LPFN - ROUND 17
PREMIERE_DIVISION_LNDSP8WR,PREMIERE_DIVISION,lndSP8WR,As Dgssie,7,6.0,5.0,23.0,2.0,23.0,21.0,2.0,24.0,2026-02-26T15:14:04.004853+00:00,CHAD - PREMIERE DIVISION - LPFN - ROUND 17
PREMIERE_DIVISION_PIZE5ZBT,PREMIERE_DIVISION,pIZE5ZBT,Galactik,10,6.0,6.0,21.0,-2.0,21.0,23.0,-2.0,21.0,2026-02-26T15:14:04.004853+00:00,CHAD - PREMIERE DIVISION - LPFN - ROUND 17
PREMIERE_DIVISION_RPCCUZUJ,PREMIERE_DIVISION,rPcCuZuJ,Colombe,4,3.0,6.0,22.0,2.0,22.0,20.0,2.0,27.0,2026-02-26T15:14:04.004853+00:00,CHAD - PREMIERE DIVISION - LPFN - ROUND 17
PREMIERE_DIVISION_VWMX58DG,PREMIERE_DIVISION,vwMX58dg,Emat,5,2.0,6.0,22.0,8.0,22.0,14.0,8.0,26.0,2026-02-26T15:14:04.004853+00:00,CHAD - PREMIERE DIVISION - LPFN - ROUND 17
PREMIERE_DIVISION_VYVAI1P5,PREMIERE_DIVISION,vyVAI1p5,Tourbillon,14,2.0,14.0,9.0,-30.0,9.0,39.0,-30.0,2.0,2026-02-26T15:14:04.004853+00:00,CHAD - PREMIERE DIVISION - LPFN - ROUND 17
PRIMERA_B_25WDOVIL,PRIMERA_B,25WDovil,Ind. Yumbo,8,4.0,1.0,6.0,0.0,6.0,6.0,0.0,7.0,2026-02-26T15:15:05.970511+00:00,COLOMBIA - PRIMERA B - APERTURA - ROUND 7
PRIMERA_B_6EOFBSJQ,PRIMERA_B,6eofBSjQ,Cartagena,3,1.0,1.0,10.0,5.0,10.0,5.0,5.0,13.0,2026-02-26T15:15:05.970511+00:00,COLOMBIA - PRIMERA B - APERTURA - ROUND 7
PRIMERA_B_6YOKBTOR,PRIMERA_B,6yoKBtoR,Boca Juniors,11,2.0,3.0,6.0,-2.0,6.0,8.0,-2.0,5.0,2026-02-26T15:15:05.970511+00:00,COLOMBIA - PRIMERA B - APERTURA - ROUND 7
PRIMERA_B_8TIHBQDH,PRIMERA_B,8tIHbqDh,Inter Palmira,2,0.0,1.0,13.0,8.0,13.0,5.0,8.0,15.0,2026-02-26T15:15:05.970511+00:00,COLOMBIA - PRIMERA B - APERTURA - ROUND 7
PRIMERA_B_ECJJZ8BQ,PRIMERA_B,EcJJz8BQ,Tigres,13,2.0,3.0,4.0,-3.0,4.0,7.0,-3.0,5.0,2026-02-26T15:15:05.970511+00:00,COLOMBIA - PRIMERA B - APERTURA - ROUND 7
PRIMERA_B_ET6JTFPS,PRIMERA_B,ET6jTFPs,Orsomarso,6,2.0,2.0,5.0,0.0,5.0,5.0,0.0,8.0,2026-02-26T15:15:05.970511+00:00,COLOMBIA - PRIMERA B - APERTURA - ROUND 7
PRIMERA_B_FOERZ7DE,PRIMERA_B,foERz7de,Bogota,5,2.0,2.0,5.0,0.0,5.0,5.0,0.0,8.0,2026-02-26T15:15:05.970511+00:00,COLOMBIA - PRIMERA B - APERTURA - ROUND 7
PRIMERA_B_IZMBCNVO,PRIMERA_B,IZmBcNVO,Leones,15,2.0,3.0,5.0,-6.0,5.0,11.0,-6.0,5.0,2026-02-26T15:15:05.970511+00:00,COLOMBIA - PRIMERA B - APERTURA - ROUND 7
PRIMERA_B_JD7ZZPR7,PRIMERA_B,jD7zZpR7,Atletico F.C.,16,3.0,3.0,4.0,-6.0,4.0,10.0,-6.0,3.0,2026-02-26T15:15:05.970511+00:00,COLOMBIA - PRIMERA B - APERTURA - ROUND 7
PRIMERA_B_NPIUDLJE,PRIMERA_B,nPIUdlJE,Real Santander,12,2.0,2.0,4.0,-2.0,4.0,6.0,-2.0,5.0,2026-02-26T15:15:05.970511+00:00,COLOMBIA - PRIMERA B - APERTURA - ROUND 7
PRIMERA_B_O8ANU9JR,PRIMERA_B,O8ANu9JR,Barranquilla,10,0.0,3.0,5.0,-2.0,5.0,7.0,-2.0,6.0,2026-02-26T15:15:05.970511+00:00,COLOMBIA - PRIMERA B - APERTURA - ROUND 7
PRIMERA_B_TPLITK4L,PRIMERA_B,tpLItk4L,U. Magdalena,4,1.0,1.0,7.0,3.0,7.0,4.0,3.0,10.0,2026-02-26T15:15:05.970511+00:00,COLOMBIA - PRIMERA B - APERTURA - ROUND 7
PRIMERA_B_TUWKTMMS,PRIMERA_B,tUWKtMms,Patriotas,14,2.0,3.0,4.0,-3.0,4.0,7.0,-3.0,5.0,2026-02-26T15:15:05.970511+00:00,COLOMBIA - PRIMERA B - APERTURA - ROUND 7
PRIMERA_B_XTFGM2B8,PRIMERA_B,xtFGm2B8,Envigado,7,1.0,2.0,6.0,2.0,6.0,4.0,2.0,7.0,2026-02-26T15:15:05.970511+00:00,COLOMBIA - PRIMERA B - APERTURA - ROUND 7
PRIMERA_B_ZE01M68P,PRIMERA_B,ze01M68P,Real Cundinamarca,9,1.0,3.0,5.0,-1.0,5.0,6.0,-1.0,7.0,2026-02-26T15:15:05.970511+00:00,COLOMBIA - PRIMERA B - APERTURA - ROUND 7
PRIMERA_B_ZMS5B2ZR,PRIMERA_B,zms5B2Zr,Quindio,1,1.0,0.0,9.0,7.0,9.0,2.0,7.0,16.0,2026-02-26T15:15:05.970511+00:00,COLOMBIA - PRIMERA B - APERTURA - ROUND 7
PRO_LEAGUE_U23_2NPGUZJL,PRO_LEAGUE_U23,2NPGUzjl,Al Dhafra U23,6,5.0,6.0,25.0,1.0,25.0,24.0,1.0,23.0,2026-02-26T16:20:21.032108+00:00,UNITED ARAB EMIRATES - PRO LEAGUE U23 - ROUND 18
PRO_LEAGUE_U23_6IVOZCSQ,PRO_LEAGUE_U23,6ivozcSQ,Dibba Al Fujairah U23,5,5.0,5.0,24.0,3.0,24.0,21.0,3.0,26.0,2026-02-26T16:20:21.032108+00:00,UNITED ARAB EMIRATES - PRO LEAGUE U23 - ROUND 18
PRO_LEAGUE_U23_6QXVQAHM,PRO_LEAGUE_U23,6qxvQaHM,Ajman U23,3,2.0,5.0,35.0,5.0,35.0,30.0,5.0,32.0,2026-02-26T16:20:21.032108+00:00,UNITED ARAB EMIRATES - PRO LEAGUE U23 - ROUND 18
PRO_LEAGUE_U23_8XDM4OAC,PRO_LEAGUE_U23,8xdM4OAc,Al Sharjah U23,2,1.0,5.0,36.0,15.0,36.0,21.0,15.0,34.0,2026-02-26T16:20:21.032108+00:00,UNITED ARAB EMIRATES - PRO LEAGUE U23 - ROUND 18
PRO_LEAGUE_U23_A7XLCLD2,PRO_LEAGUE_U23,A7XlCld2,Al Nasr U23,12,7.0,6.0,24.0,-5.0,24.0,29.0,-5.0,19.0,2026-02-26T16:20:21.032108+00:00,UNITED ARAB EMIRATES - PRO LEAGUE U23 - ROUND 18
PRO_LEAGUE_U23_BGKUGBO9,PRO_LEAGUE_U23,bgkugbo9,Bani Yas U23,10,6.0,6.0,23.0,-3.0,23.0,26.0,-3.0,21.0,2026-02-26T16:20:21.032108+00:00,UNITED ARAB EMIRATES - PRO LEAGUE U23 - ROUND 18
PRO_LEAGUE_U23_KTSECI7R,PRO_LEAGUE_U23,KtsECI7r,Al Jazira U23,8,4.0,7.0,33.0,-1.0,33.0,34.0,-1.0,22.0,2026-02-26T16:20:21.032108+00:00,UNITED ARAB EMIRATES - PRO LEAGUE U23 - ROUND 18
PRO_LEAGUE_U23_LYOEL3QG,PRO_LEAGUE_U23,lYOel3QG,Shabab Al-Ahli Dubai U23,9,6.0,6.0,28.0,2.0,28.0,26.0,2.0,21.0,2026-02-26T16:20:21.032108+00:00,UNITED ARAB EMIRATES - PRO LEAGUE U23 - ROUND 18
PRO_LEAGUE_U23_NGYU8Z77,PRO_LEAGUE_U23,ngYU8z77,Al Ain U23,1,3.0,3.0,37.0,24.0,37.0,13.0,24.0,36.0,2026-02-26T16:20:21.032108+00:00,UNITED ARAB EMIRATES - PRO LEAGUE U23 - ROUND 18
PRO_LEAGUE_U23_OJZTEARK,PRO_LEAGUE_U23,OjZtEARk,Al Wahda U23,7,2.0,8.0,23.0,-1.0,23.0,24.0,-1.0,23.0,2026-02-26T16:20:21.032108+00:00,UNITED ARAB EMIRATES - PRO LEAGUE U23 - ROUND 18
PRO_LEAGUE_U23_QWPMADXE,PRO_LEAGUE_U23,QwpMAdxe,Al Bataeh U23,13,1.0,11.0,19.0,-32.0,19.0,51.0,-32.0,16.0,2026-02-26T16:20:21.032108+00:00,UNITED ARAB EMIRATES - PRO LEAGUE U23 - ROUND 18
PRO_LEAGUE_U23_VJCAJW3S,PRO_LEAGUE_U23,vJcAJW3S,Al Wasl U23,4,5.0,5.0,33.0,10.0,33.0,23.0,10.0,26.0,2026-02-26T16:20:21.032108+00:00,UNITED ARAB EMIRATES - PRO LEAGUE U23 - ROUND 18
PRO_LEAGUE_U23_VKIEXW1S,PRO_LEAGUE_U23,vkIExw1S,Khorfakkan U23,14,3.0,12.0,18.0,-18.0,18.0,36.0,-18.0,9.0,2026-02-26T16:20:21.032108+00:00,UNITED ARAB EMIRATES - PRO LEAGUE U23 - ROUND 18
PRO_LEAGUE_U23_WNCGVFG2,PRO_LEAGUE_U23,WncgVfg2,Ittihad Kalba U23,11,6.0,6.0,30.0,0.0,30.0,30.0,0.0,21.0,2026-02-26T16:20:21.032108+00:00,UNITED ARAB EMIRATES - PRO LEAGUE U23 - ROUND 18
PROFESSIONAL_LEAGUE_BJTXRA3T,PROFESSIONAL_LEAGUE,bJtxRa3T,Al-Samail,9,5.0,6.0,14.0,-4.0,14.0,18.0,-4.0,14.0,2026-02-26T15:51:02.240937+00:00,OMAN - PROFESSIONAL LEAGUE - ROUND 14
PROFESSIONAL_LEAGUE_EFY2QSJC,PROFESSIONAL_LEAGUE,EFY2qsJc,Sohar,4,3.0,3.0,23.0,11.0,23.0,12.0,11.0,30.0,2026-02-26T15:51:02.240937+00:00,OMAN - PROFESSIONAL LEAGUE - ROUND 14
PROFESSIONAL_LEAGUE_FROAVPCE,PROFESSIONAL_LEAGUE,fRoavPcE,Sur Club,12,3.0,9.0,18.0,-8.0,18.0,26.0,-8.0,12.0,2026-02-26T15:51:02.240937+00:00,OMAN - PROFESSIONAL LEAGUE - ROUND 14
PROFESSIONAL_LEAGUE_FXWNUNLB,PROFESSIONAL_LEAGUE,fXWnUNlb,Al Khaboora,11,5.0,7.0,12.0,-8.0,12.0,20.0,-8.0,14.0,2026-02-26T15:51:02.240937+00:00,OMAN - PROFESSIONAL LEAGUE - ROUND 14
PROFESSIONAL_LEAGUE_LVWVS1KJ,PROFESSIONAL_LEAGUE,lvWVs1Kj,Al Nasr,3,2.0,3.0,20.0,7.0,20.0,13.0,7.0,32.0,2026-02-26T15:51:02.240937+00:00,OMAN - PROFESSIONAL LEAGUE - ROUND 14
PROFESSIONAL_LEAGUE_MSVAD4KB,PROFESSIONAL_LEAGUE,MsVAD4Kb,Al-Shabab,2,2.0,2.0,29.0,16.0,29.0,13.0,16.0,35.0,2026-02-26T15:51:02.240937+00:00,OMAN - PROFESSIONAL LEAGUE - ROUND 14
PROFESSIONAL_LEAGUE_NPXBG6ZT,PROFESSIONAL_LEAGUE,nPxbG6zt,Oman Club,7,3.0,5.0,13.0,-1.0,13.0,14.0,-1.0,18.0,2026-02-26T15:51:02.240937+00:00,OMAN - PROFESSIONAL LEAGUE - ROUND 14
PROFESSIONAL_LEAGUE_PJSQ54CC,PROFESSIONAL_LEAGUE,pjsQ54Cc,Dhofar,10,5.0,6.0,13.0,-4.0,13.0,17.0,-4.0,14.0,2026-02-26T15:51:02.240937+00:00,OMAN - PROFESSIONAL LEAGUE - ROUND 14
PROFESSIONAL_LEAGUE_TMWJ6OR3,PROFESSIONAL_LEAGUE,tMWj6OR3,Saham,8,1.0,9.0,15.0,-15.0,15.0,30.0,-15.0,16.0,2026-02-26T15:51:02.240937+00:00,OMAN - PROFESSIONAL LEAGUE - ROUND 14
PROFESSIONAL_LEAGUE_VZD1OY26,PROFESSIONAL_LEAGUE,vZd1OY26,Ibri,13,1.0,11.0,12.0,-17.0,12.0,29.0,-17.0,10.0,2026-02-26T15:51:02.240937+00:00,OMAN - PROFESSIONAL LEAGUE - ROUND 14
PROFESSIONAL_LEAGUE_XX8N54PO,PROFESSIONAL_LEAGUE,xx8n54PO,Al Seeb,1,2.0,1.0,33.0,25.0,33.0,8.0,25.0,38.0,2026-02-26T15:51:02.240937+00:00,OMAN - PROFESSIONAL LEAGUE - ROUND 14
PROFESSIONAL_LEAGUE_Y7M8RLYG,PROFESSIONAL_LEAGUE,Y7m8RLYG,Bahla,6,1.0,6.0,25.0,6.0,25.0,19.0,6.0,25.0,2026-02-26T15:51:02.240937+00:00,OMAN - PROFESSIONAL LEAGUE - ROUND 14
PROFESSIONAL_LEAGUE_ZPZBPN3I,PROFESSIONAL_LEAGUE,zPZbpN3i,Al-Rustaq,14,2.0,12.0,11.0,-18.0,11.0,29.0,-18.0,5.0,2026-02-26T15:51:02.240937+00:00,OMAN - PROFESSIONAL LEAGUE - ROUND 14
PROFESSIONAL_LEAGUE_ZYSRRS5P,PROFESSIONAL_LEAGUE,zySRrs5p,Al Nahda,5,1.0,4.0,20.0,10.0,20.0,10.0,10.0,25.0,2026-02-26T15:51:02.240937+00:00,OMAN - PROFESSIONAL LEAGUE - ROUND 14
QSL_4XUOQBYN,QSL,4xuOqBYn,Al Sailiya,9,3.0,9.0,16.0,-7.0,16.0,23.0,-7.0,15.0,2026-02-26T15:54:46.695972+00:00,QATAR - QSL - ROUND 17
QSL_AFUKPIJT,QSL,AFuKpiJt,Al Wakra,7,4.0,6.0,23.0,-1.0,23.0,24.0,-1.0,22.0,2026-02-26T15:54:46.695972+00:00,QATAR - QSL - ROUND 17
QSL_AKENGQWB,QSL,AkENgqwB,Al-Sadd,1,2.0,3.0,43.0,25.0,43.0,18.0,25.0,35.0,2026-02-26T15:54:46.695972+00:00,QATAR - QSL - ROUND 17
QSL_FRXFGNF0,QSL,fRXFGNf0,Al Ahli Doha,10,0.0,11.0,21.0,-14.0,21.0,35.0,-14.0,15.0,2026-02-26T15:54:46.695972+00:00,QATAR - QSL - ROUND 17
QSL_G4PEQWCA,QSL,G4PEqWCa,Al-Shahaniya,12,2.0,11.0,13.0,-18.0,13.0,31.0,-18.0,11.0,2026-02-26T15:54:46.695972+00:00,QATAR - QSL - ROUND 17
QSL_LTMCRTII,QSL,ltmcRTII,Al Arabi,6,3.0,6.0,30.0,-2.0,30.0,32.0,-2.0,24.0,2026-02-26T15:54:46.695972+00:00,QATAR - QSL - ROUND 17
QSL_SQRTEOKD,QSL,SQrTeoKd,Al-Gharafa,3,1.0,5.0,26.0,5.0,26.0,21.0,5.0,31.0,2026-02-26T15:54:46.695972+00:00,QATAR - QSL - ROUND 17
QSL_SWO1QMYO,QSL,SWo1QmYO,Al Rayyan,4,4.0,4.0,33.0,8.0,33.0,25.0,8.0,28.0,2026-02-26T15:54:46.695972+00:00,QATAR - QSL - ROUND 17
QSL_VEL3XJNL,QSL,veL3xJnl,Shamal,2,4.0,3.0,29.0,11.0,29.0,18.0,11.0,31.0,2026-02-26T15:54:46.695972+00:00,QATAR - QSL - ROUND 17
QSL_WYZNRZI1,QSL,WYZnRzI1,Al-Duhail,8,6.0,5.0,26.0,8.0,26.0,18.0,8.0,21.0,2026-02-26T15:54:46.695972+00:00,QATAR - QSL - ROUND 17
QSL_XW8I8U05,QSL,xW8i8U05,Umm-Salal,11,0.0,11.0,27.0,-16.0,27.0,43.0,-16.0,15.0,2026-02-26T15:54:46.695972+00:00,QATAR - QSL - ROUND 17
QSL_YGLHKXAP,QSL,YglhkXAP,Qatar SC,5,3.0,6.0,27.0,1.0,27.0,26.0,1.0,24.0,2026-02-26T15:54:46.695972+00:00,QATAR - QSL - ROUND 17
SAUDI_PROFESSIONAL_LEAGUE_0MHMOCY0,SAUDI_PROFESSIONAL_LEAGUE,0MHmoCY0,Al Ahli SC,2,5.0,1.0,45.0,30.0,45.0,15.0,30.0,56.0,2026-02-26T15:58:00.346004+00:00,SAUDI ARABIA - SAUDI PROFESSIONAL LEAGUE - ROUND 24
SAUDI_PROFESSIONAL_LEAGUE_0QD6GL0S,SAUDI_PROFESSIONAL_LEAGUE,0QD6GL0s,Al Najma,18,5.0,17.0,21.0,-30.0,21.0,51.0,-30.0,8.0,2026-02-26T15:58:00.346004+00:00,SAUDI ARABIA - SAUDI PROFESSIONAL LEAGUE - ROUND 24
SAUDI_PROFESSIONAL_LEAGUE_GZQMZ0YA,SAUDI_PROFESSIONAL_LEAGUE,Gzqmz0ya,Al Shabab,12,7.0,10.0,27.0,-6.0,27.0,33.0,-6.0,25.0,2026-02-26T15:58:00.346004+00:00,SAUDI ARABIA - SAUDI PROFESSIONAL LEAGUE - ROUND 24
SAUDI_PROFESSIONAL_LEAGUE_H4I89ZUE,SAUDI_PROFESSIONAL_LEAGUE,h4I89ZuE,Al Nassr,1,1.0,3.0,62.0,44.0,62.0,18.0,44.0,58.0,2026-02-26T15:58:00.346004+00:00,SAUDI ARABIA - SAUDI PROFESSIONAL LEAGUE - ROUND 24
SAUDI_PROFESSIONAL_LEAGUE_HXXCEPL9,SAUDI_PROFESSIONAL_LEAGUE,hxxcePl9,Al Hilal,3,7.0,0.0,57.0,37.0,57.0,20.0,37.0,55.0,2026-02-26T15:58:00.346004+00:00,SAUDI ARABIA - SAUDI PROFESSIONAL LEAGUE - ROUND 24
SAUDI_PROFESSIONAL_LEAGUE_L6IU2W06,SAUDI_PROFESSIONAL_LEAGUE,l6Iu2w06,Al Riyadh,15,7.0,13.0,22.0,-22.0,22.0,44.0,-22.0,16.0,2026-02-26T15:58:00.346004+00:00,SAUDI ARABIA - SAUDI PROFESSIONAL LEAGUE - ROUND 24
SAUDI_PROFESSIONAL_LEAGUE_MEKNFPI2,SAUDI_PROFESSIONAL_LEAGUE,Meknfpi2,Al Fayha,11,6.0,10.0,27.0,-11.0,27.0,38.0,-11.0,27.0,2026-02-26T15:58:00.346004+00:00,SAUDI ARABIA - SAUDI PROFESSIONAL LEAGUE - ROUND 24
SAUDI_PROFESSIONAL_LEAGUE_MQS1WBFK,SAUDI_PROFESSIONAL_LEAGUE,Mqs1WbFK,Al Kholood,14,1.0,15.0,30.0,-11.0,30.0,41.0,-11.0,22.0,2026-02-26T15:58:00.346004+00:00,SAUDI ARABIA - SAUDI PROFESSIONAL LEAGUE - ROUND 24
SAUDI_PROFESSIONAL_LEAGUE_NCRXAWGN,SAUDI_PROFESSIONAL_LEAGUE,ncrXAWGn,Al Ettifaq,7,5.0,7.0,34.0,-5.0,34.0,39.0,-5.0,38.0,2026-02-26T15:58:00.346004+00:00,SAUDI ARABIA - SAUDI PROFESSIONAL LEAGUE - ROUND 24
SAUDI_PROFESSIONAL_LEAGUE_OIDQIBJD,SAUDI_PROFESSIONAL_LEAGUE,OIDqIbjd,Al Fateh,10,6.0,10.0,31.0,-11.0,31.0,42.0,-11.0,27.0,2026-02-26T15:58:00.346004+00:00,SAUDI ARABIA - SAUDI PROFESSIONAL LEAGUE - ROUND 24
SAUDI_PROFESSIONAL_LEAGUE_QMSYAJWH,SAUDI_PROFESSIONAL_LEAGUE,QmsyAjWh,Al Ittihad,6,6.0,6.0,38.0,10.0,38.0,28.0,10.0,39.0,2026-02-26T15:58:00.346004+00:00,SAUDI ARABIA - SAUDI PROFESSIONAL LEAGUE - ROUND 24
SAUDI_PROFESSIONAL_LEAGUE_SORKAWES,SAUDI_PROFESSIONAL_LEAGUE,SOrkawEs,Neom SC,8,5.0,9.0,28.0,-3.0,28.0,31.0,-3.0,32.0,2026-02-26T15:58:00.346004+00:00,SAUDI ARABIA - SAUDI PROFESSIONAL LEAGUE - ROUND 24
SAUDI_PROFESSIONAL_LEAGUE_TKJRGGMC,SAUDI_PROFESSIONAL_LEAGUE,tKjRGGMC,Al Okhdood,17,4.0,17.0,19.0,-30.0,19.0,49.0,-30.0,10.0,2026-02-26T15:58:00.346004+00:00,SAUDI ARABIA - SAUDI PROFESSIONAL LEAGUE - ROUND 24
SAUDI_PROFESSIONAL_LEAGUE_TVQZTRTD,SAUDI_PROFESSIONAL_LEAGUE,tvQZtrTd,Al Qadsiah,4,5.0,2.0,54.0,33.0,54.0,21.0,33.0,53.0,2026-02-26T15:58:00.346004+00:00,SAUDI ARABIA - SAUDI PROFESSIONAL LEAGUE - ROUND 24
SAUDI_PROFESSIONAL_LEAGUE_UANWW9FQ,SAUDI_PROFESSIONAL_LEAGUE,UanWW9fq,Al Khaleej,9,6.0,10.0,42.0,5.0,42.0,37.0,5.0,27.0,2026-02-26T15:58:00.346004+00:00,SAUDI ARABIA - SAUDI PROFESSIONAL LEAGUE - ROUND 24
SAUDI_PROFESSIONAL_LEAGUE_WJJKJILJ,SAUDI_PROFESSIONAL_LEAGUE,WjJkJilj,Al Taawon,5,4.0,7.0,41.0,13.0,41.0,28.0,13.0,40.0,2026-02-26T15:58:00.346004+00:00,SAUDI ARABIA - SAUDI PROFESSIONAL LEAGUE - ROUND 24
SAUDI_PROFESSIONAL_LEAGUE_XFAEHSWL,SAUDI_PROFESSIONAL_LEAGUE,xfAehSWL,Damac,16,9.0,12.0,17.0,-23.0,17.0,40.0,-23.0,15.0,2026-02-26T15:58:00.346004+00:00,SAUDI ARABIA - SAUDI PROFESSIONAL LEAGUE - ROUND 24
SAUDI_PROFESSIONAL_LEAGUE_YZFEQJ3D,SAUDI_PROFESSIONAL_LEAGUE,YZFeqj3D,Al Hazem,13,7.0,10.0,23.0,-20.0,23.0,43.0,-20.0,25.0,2026-02-26T15:58:00.346004+00:00,SAUDI ARABIA - SAUDI PROFESSIONAL LEAGUE - ROUND 24
SERIE_A_BETANO_0SWTCLAU,SERIE_A_BETANO,0SwtclaU,Cruzeiro,18,2.0,2.0,4.0,-5.0,4.0,9.0,-5.0,2.0,2026-02-26T14:54:35.867916+00:00,BRAZIL - SERIE A BETANO - ROUND 4
SERIE_A_BETANO_2I0B6ZUL,SERIE_A_BETANO,2i0B6Zul,Remo,15,3.0,1.0,6.0,-2.0,6.0,8.0,-2.0,3.0,2026-02-26T14:54:35.867916+00:00,BRAZIL - SERIE A BETANO - ROUND 4
SERIE_A_BETANO_2RABLYFN,SERIE_A_BETANO,2RABlYFn,Vasco,19,1.0,2.0,2.0,-2.0,2.0,4.0,-2.0,1.0,2026-02-26T14:54:35.867916+00:00,BRAZIL - SERIE A BETANO - ROUND 4
SERIE_A_BETANO_8BSBHIPN,SERIE_A_BETANO,8bSbHipn,Vitoria,14,0.0,2.0,4.0,-3.0,4.0,7.0,-3.0,3.0,2026-02-26T14:54:35.867916+00:00,BRAZIL - SERIE A BETANO - ROUND 4
SERIE_A_BETANO_E1EFMHVH,SERIE_A_BETANO,E1EFmhVh,Gremio,8,0.0,2.0,8.0,0.0,8.0,8.0,0.0,6.0,2026-02-26T14:54:35.867916+00:00,BRAZIL - SERIE A BETANO - ROUND 4
SERIE_A_BETANO_EV9L3KU4,SERIE_A_BETANO,EV9L3kU4,Fluminense,5,1.0,1.0,5.0,1.0,5.0,4.0,1.0,7.0,2026-02-26T14:54:35.867916+00:00,BRAZIL - SERIE A BETANO - ROUND 4
SERIE_A_BETANO_HGLC5BAH,SERIE_A_BETANO,hGLC5Bah,Atletico-MG,16,2.0,2.0,6.0,-2.0,6.0,8.0,-2.0,2.0,2026-02-26T14:54:35.867916+00:00,BRAZIL - SERIE A BETANO - ROUND 4
SERIE_A_BETANO_HMN9FTBH,SERIE_A_BETANO,hMn9FTbH,Palmeiras,1,1.0,0.0,12.0,7.0,12.0,5.0,7.0,10.0,2026-02-26T14:54:35.867916+00:00,BRAZIL - SERIE A BETANO - ROUND 4
SERIE_A_BETANO_JCQV3XP6,SERIE_A_BETANO,jcQV3XP6,Chapecoense-SC,9,2.0,0.0,8.0,2.0,8.0,6.0,2.0,5.0,2026-02-26T14:54:35.867916+00:00,BRAZIL - SERIE A BETANO - ROUND 4
SERIE_A_BETANO_JWKVKHGA,SERIE_A_BETANO,jwKvKhGa,Bragantino,7,1.0,1.0,3.0,0.0,3.0,3.0,0.0,7.0,2026-02-26T14:54:35.867916+00:00,BRAZIL - SERIE A BETANO - ROUND 4
SERIE_A_BETANO_JXZWOWA5,SERIE_A_BETANO,jXzWoWa5,Botafogo RJ,13,0.0,2.0,7.0,1.0,7.0,6.0,1.0,3.0,2026-02-26T14:54:35.867916+00:00,BRAZIL - SERIE A BETANO - ROUND 4
SERIE_A_BETANO_KGO4PUQO,SERIE_A_BETANO,KGO4pUqO,Coritiba,12,1.0,2.0,5.0,-1.0,5.0,6.0,-1.0,4.0,2026-02-26T14:54:35.867916+00:00,BRAZIL - SERIE A BETANO - ROUND 4
SERIE_A_BETANO_N3QDNJFB,SERIE_A_BETANO,n3QdnjFB,Santos,20,1.0,2.0,4.0,-3.0,4.0,7.0,-3.0,1.0,2026-02-26T14:54:35.867916+00:00,BRAZIL - SERIE A BETANO - ROUND 4
SERIE_A_BETANO_PQ8RYEE7,SERIE_A_BETANO,pQ8ryEe7,Mirassol,10,2.0,0.0,6.0,1.0,6.0,5.0,1.0,5.0,2026-02-26T14:54:35.867916+00:00,BRAZIL - SERIE A BETANO - ROUND 4
SERIE_A_BETANO_QBGFQBSE,SERIE_A_BETANO,QBGfQbSe,Corinthians,3,1.0,1.0,5.0,2.0,5.0,3.0,2.0,7.0,2026-02-26T14:54:35.867916+00:00,BRAZIL - SERIE A BETANO - ROUND 4
SERIE_A_BETANO_QGP0OAUH,SERIE_A_BETANO,QgP0oAUH,Sao Paulo,2,1.0,0.0,6.0,4.0,6.0,2.0,4.0,10.0,2026-02-26T14:54:35.867916+00:00,BRAZIL - SERIE A BETANO - ROUND 4
SERIE_A_BETANO_TSCIHJ0I,SERIE_A_BETANO,tSCiHj0I,Internacional,17,2.0,2.0,3.0,-3.0,3.0,6.0,-3.0,2.0,2026-02-26T14:54:35.867916+00:00,BRAZIL - SERIE A BETANO - ROUND 4
SERIE_A_BETANO_UED7XTZM,SERIE_A_BETANO,UeD7XtzM,Bahia,4,1.0,0.0,4.0,2.0,4.0,2.0,2.0,7.0,2026-02-26T14:54:35.867916+00:00,BRAZIL - SERIE A BETANO - ROUND 4
SERIE_A_BETANO_UOAXB1TQ,SERIE_A_BETANO,UoAxb1Tq,Athletico-PR,6,1.0,1.0,4.0,1.0,4.0,3.0,1.0,7.0,2026-02-26T14:54:35.867916+00:00,BRAZIL - SERIE A BETANO - ROUND 4
SERIE_A_BETANO_WJXY29QB,SERIE_A_BETANO,WjxY29qB,Flamengo RJ,11,1.0,1.0,4.0,0.0,4.0,4.0,0.0,4.0,2026-02-26T14:54:35.867916+00:00,BRAZIL - SERIE A BETANO - ROUND 4
STARS_LEAGUE_0YGN4OXO,STARS_LEAGUE,0Ygn4oxO,Al Quwa Al Jawiya,1,4.0,2.0,25.0,15.0,25.0,10.0,15.0,43.0,2026-02-26T15:33:27.451012+00:00,IRAQ - STARS LEAGUE - ROUND 20
STARS_LEAGUE_2VIID41O,STARS_LEAGUE,2VIId41o,Al-Qassim,20,2.0,17.0,6.0,-38.0,6.0,44.0,-38.0,2.0,2026-02-26T15:33:27.451012+00:00,IRAQ - STARS LEAGUE - ROUND 20
STARS_LEAGUE_6IJWNYFS,STARS_LEAGUE,6ijwNYFs,Al Gharraf,9,5.0,6.0,22.0,5.0,22.0,17.0,5.0,29.0,2026-02-26T15:33:27.451012+00:00,IRAQ - STARS LEAGUE - ROUND 20
STARS_LEAGUE_6YNQ61PT,STARS_LEAGUE,6ynQ61PT,Naft Missan,18,4.0,11.0,22.0,-13.0,22.0,35.0,-13.0,16.0,2026-02-26T15:33:27.451012+00:00,IRAQ - STARS LEAGUE - ROUND 20
STARS_LEAGUE_84R5OLNU,STARS_LEAGUE,84r5OlNu,Al Shorta,2,2.0,3.0,31.0,19.0,31.0,12.0,19.0,38.0,2026-02-26T15:33:27.451012+00:00,IRAQ - STARS LEAGUE - ROUND 20
STARS_LEAGUE_AP8RYJD1,STARS_LEAGUE,AP8ryJd1,Newroz,12,1.0,11.0,21.0,-5.0,21.0,26.0,-5.0,22.0,2026-02-26T15:33:27.451012+00:00,IRAQ - STARS LEAGUE - ROUND 20
STARS_LEAGUE_BBCXXS6O,STARS_LEAGUE,bBCXxS6o,Duhok,11,6.0,6.0,22.0,4.0,22.0,18.0,4.0,27.0,2026-02-26T15:33:27.451012+00:00,IRAQ - STARS LEAGUE - ROUND 20
STARS_LEAGUE_EDEI477B,STARS_LEAGUE,EDeI477B,Al Najaf,19,2.0,15.0,13.0,-22.0,13.0,35.0,-22.0,8.0,2026-02-26T15:33:27.451012+00:00,IRAQ - STARS LEAGUE - ROUND 20
STARS_LEAGUE_ETW16TXA,STARS_LEAGUE,ETw16Txa,Al Minaa,16,6.0,9.0,17.0,-6.0,17.0,23.0,-6.0,18.0,2026-02-26T15:33:27.451012+00:00,IRAQ - STARS LEAGUE - ROUND 20
STARS_LEAGUE_HIVZ0V7R,STARS_LEAGUE,hIVZ0V7r,Al-Karma,3,5.0,3.0,26.0,16.0,26.0,10.0,16.0,38.0,2026-02-26T15:33:27.451012+00:00,IRAQ - STARS LEAGUE - ROUND 20
STARS_LEAGUE_LOZSM6M4,STARS_LEAGUE,lOZsM6M4,Al Talaba,5,4.0,5.0,25.0,9.0,25.0,16.0,9.0,34.0,2026-02-26T15:33:27.451012+00:00,IRAQ - STARS LEAGUE - ROUND 20
STARS_LEAGUE_MLK7IOLT,STARS_LEAGUE,MLk7IOLT,Erbil,4,5.0,3.0,25.0,11.0,25.0,14.0,11.0,38.0,2026-02-26T15:33:27.451012+00:00,IRAQ - STARS LEAGUE - ROUND 20
STARS_LEAGUE_OUYZDRUP,STARS_LEAGUE,OUyZDrUp,Diyala,10,7.0,5.0,24.0,6.0,24.0,18.0,6.0,28.0,2026-02-26T15:33:27.451012+00:00,IRAQ - STARS LEAGUE - ROUND 20
STARS_LEAGUE_QGDBKPIH,STARS_LEAGUE,QgdbKpiH,Baghdad,15,4.0,9.0,18.0,-11.0,18.0,29.0,-11.0,19.0,2026-02-26T15:33:27.451012+00:00,IRAQ - STARS LEAGUE - ROUND 20
STARS_LEAGUE_QOCJN5EH,STARS_LEAGUE,QoCjN5eh,Al Mosul,13,4.0,9.0,18.0,-9.0,18.0,27.0,-9.0,22.0,2026-02-26T15:33:27.451012+00:00,IRAQ - STARS LEAGUE - ROUND 20
STARS_LEAGUE_TGUG8K8N,STARS_LEAGUE,tGug8k8n,Al Kahraba,17,3.0,11.0,20.0,-7.0,20.0,27.0,-7.0,18.0,2026-02-26T15:33:27.451012+00:00,IRAQ - STARS LEAGUE - ROUND 20
STARS_LEAGUE_WL6D5MH5,STARS_LEAGUE,Wl6D5mh5,Al Naft,14,6.0,7.0,18.0,0.0,18.0,18.0,0.0,21.0,2026-02-26T15:33:27.451012+00:00,IRAQ - STARS LEAGUE - ROUND 20
STARS_LEAGUE_WWDFLQYB,STARS_LEAGUE,WWdfLQyB,Al Zawraa,7,7.0,2.0,22.0,9.0,22.0,13.0,9.0,31.0,2026-02-26T15:33:27.451012+00:00,IRAQ - STARS LEAGUE - ROUND 20
STARS_LEAGUE_YBFBLQQ4,STARS_LEAGUE,YBFbLqQ4,Zakho,6,6.0,4.0,26.0,11.0,26.0,15.0,11.0,33.0,2026-02-26T15:33:27.451012+00:00,IRAQ - STARS LEAGUE - ROUND 20
STARS_LEAGUE_YNMI8NFH,STARS_LEAGUE,YNmI8NfH,Al Karkh,8,7.0,4.0,27.0,6.0,27.0,21.0,6.0,31.0,2026-02-26T15:33:27.451012+00:00,IRAQ - STARS LEAGUE - ROUND 20
SUPER_CUP_UNKNOWN,SUPER_CUP,Unknown,Unknown,2,nan,nan,nan,nan,nan,nan,nan,nan,2026-02-26T15:09:13.586512+00:00,CAMEROON - SUPER CUP - FINAL
SUPER_LEAGUE_0F5FGMUG,SUPER_LEAGUE,0f5FgmUG,ZESCO,11,4.0,8.0,21.0,5.0,21.0,16.0,5.0,25.0,2026-02-26T16:21:43.49835+00:00,ZAMBIA - SUPER LEAGUE - ROUND 18
SUPER_LEAGUE_0XYKR9RK,SUPER_LEAGUE,0xYKr9Rk,Beau Bassin,9,4.0,6.0,10.0,-15.0,10.0,25.0,-15.0,7.0,2026-02-26T15:45:50.932348+00:00,MAURITIUS - SUPER LEAGUE - ROUND 12
SUPER_LEAGUE_40EDJ3GC,SUPER_LEAGUE,40edj3GC,Red Arrows,1,7.0,3.0,29.0,15.0,29.0,14.0,15.0,40.0,2026-02-26T16:21:43.49835+00:00,ZAMBIA - SUPER LEAGUE - ROUND 18
SUPER_LEAGUE_86P2MFS4,SUPER_LEAGUE,86p2Mfs4,Mufulira,5,4.0,7.0,15.0,3.0,15.0,12.0,3.0,34.0,2026-02-26T16:21:43.49835+00:00,ZAMBIA - SUPER LEAGUE - ROUND 18
SUPER_LEAGUE_AVVKSQVL,SUPER_LEAGUE,AVvKsqVL,Riviere Du Rempart,6,3.0,4.0,19.0,-1.0,19.0,20.0,-1.0,15.0,2026-02-26T15:45:50.932348+00:00,MAURITIUS - SUPER LEAGUE - ROUND 12
SUPER_LEAGUE_CFFBENBC,SUPER_LEAGUE,CffBeNbc,Green Buffaloes,10,9.0,5.0,20.0,0.0,20.0,20.0,0.0,27.0,2026-02-26T16:21:43.49835+00:00,ZAMBIA - SUPER LEAGUE - ROUND 18
SUPER_LEAGUE_DDNEKJ9U,SUPER_LEAGUE,ddNEKj9U,Port Louis,8,2.0,5.0,14.0,-6.0,14.0,20.0,-6.0,14.0,2026-02-26T15:45:50.932348+00:00,MAURITIUS - SUPER LEAGUE - ROUND 12
SUPER_LEAGUE_DKTLZW2H,SUPER_LEAGUE,dKTLZW2H,Mutondo Stars,16,9.0,8.0,10.0,-11.0,10.0,21.0,-11.0,18.0,2026-02-26T16:21:43.49835+00:00,ZAMBIA - SUPER LEAGUE - ROUND 18
SUPER_LEAGUE_ECRQP6MG,SUPER_LEAGUE,EcRQP6mg,La Cure Waves,1,0.0,2.0,38.0,25.0,38.0,13.0,25.0,27.0,2026-02-26T15:45:50.932348+00:00,MAURITIUS - SUPER LEAGUE - ROUND 12
SUPER_LEAGUE_G0MMQGU3,SUPER_LEAGUE,G0mMqgU3,Kansanshi,13,10.0,7.0,14.0,-3.0,14.0,17.0,-3.0,22.0,2026-02-26T16:21:43.49835+00:00,ZAMBIA - SUPER LEAGUE - ROUND 18
SUPER_LEAGUE_GCFGGMS2,SUPER_LEAGUE,GCFGgmS2,Konkola,7,9.0,5.0,19.0,3.0,19.0,16.0,3.0,30.0,2026-02-26T16:21:43.49835+00:00,ZAMBIA - SUPER LEAGUE - ROUND 18
SUPER_LEAGUE_GDBOAWKS,SUPER_LEAGUE,GdboAWKS,Nkana,12,7.0,8.0,12.0,-6.0,12.0,18.0,-6.0,25.0,2026-02-26T16:21:43.49835+00:00,ZAMBIA - SUPER LEAGUE - ROUND 18
SUPER_LEAGUE_GKPP059C,SUPER_LEAGUE,GKPP059C,Chebel Citizens,4,1.0,4.0,15.0,7.0,15.0,8.0,7.0,19.0,2026-02-26T15:45:50.932348+00:00,MAURITIUS - SUPER LEAGUE - ROUND 12
SUPER_LEAGUE_IHT1R1NN,SUPER_LEAGUE,IHT1r1nN,Prison Leopards,17,10.0,9.0,14.0,-14.0,14.0,28.0,-14.0,16.0,2026-02-26T16:21:43.49835+00:00,ZAMBIA - SUPER LEAGUE - ROUND 18
SUPER_LEAGUE_KLN00GNJ,SUPER_LEAGUE,KlN00gNJ,Power Dynamos,2,6.0,2.0,22.0,13.0,22.0,9.0,13.0,39.0,2026-02-26T16:21:43.49835+00:00,ZAMBIA - SUPER LEAGUE - ROUND 18
SUPER_LEAGUE_NBCVV8UJ,SUPER_LEAGUE,nBcVV8UJ,Kabwe,6,6.0,6.0,18.0,6.0,18.0,12.0,6.0,33.0,2026-02-26T16:21:43.49835+00:00,ZAMBIA - SUPER LEAGUE - ROUND 18
SUPER_LEAGUE_NRQLRUHO,SUPER_LEAGUE,nRQlruHO,Green Eagles,8,8.0,5.0,17.0,4.0,17.0,13.0,4.0,29.0,2026-02-26T16:21:43.49835+00:00,ZAMBIA - SUPER LEAGUE - ROUND 18
SUPER_LEAGUE_NYSBNPHC,SUPER_LEAGUE,nysBNphC,PAS Mates,10,0.0,11.0,8.0,-38.0,8.0,46.0,-38.0,0.0,2026-02-26T15:45:50.932348+00:00,MAURITIUS - SUPER LEAGUE - ROUND 12
SUPER_LEAGUE_OACTO324,SUPER_LEAGUE,OACto324,MUZA,9,7.0,7.0,20.0,4.0,20.0,16.0,4.0,28.0,2026-02-26T16:21:43.49835+00:00,ZAMBIA - SUPER LEAGUE - ROUND 18
SUPER_LEAGUE_T2BLCZT9,SUPER_LEAGUE,t2bLCZt9,Petite Riviere,5,2.0,4.0,15.0,-1.0,15.0,16.0,-1.0,17.0,2026-02-26T15:45:50.932348+00:00,MAURITIUS - SUPER LEAGUE - ROUND 12
SUPER_LEAGUE_T8U62R2T,SUPER_LEAGUE,t8U62r2t,NAPSA Stars,14,8.0,9.0,13.0,-8.0,13.0,21.0,-8.0,20.0,2026-02-26T16:21:43.49835+00:00,ZAMBIA - SUPER LEAGUE - ROUND 18
SUPER_LEAGUE_UAYLA3G3,SUPER_LEAGUE,UaYLa3g3,Zanaco,4,4.0,7.0,19.0,5.0,19.0,14.0,5.0,34.0,2026-02-26T16:21:43.49835+00:00,ZAMBIA - SUPER LEAGUE - ROUND 18
SUPER_LEAGUE_UFOBNZSC,SUPER_LEAGUE,UFobNzSc,Nkwazi,15,9.0,9.0,12.0,-8.0,12.0,20.0,-8.0,18.0,2026-02-26T16:21:43.49835+00:00,ZAMBIA - SUPER LEAGUE - ROUND 18
SUPER_LEAGUE_VQMBQ5VG,SUPER_LEAGUE,vqmBQ5VG,Mines,18,8.0,10.0,13.0,-16.0,13.0,29.0,-16.0,14.0,2026-02-26T16:21:43.49835+00:00,ZAMBIA - SUPER LEAGUE - ROUND 18
SUPER_LEAGUE_WMH49YBG,SUPER_LEAGUE,WMH49yBg,Pamplemousses,2,2.0,2.0,24.0,15.0,24.0,9.0,15.0,23.0,2026-02-26T15:45:50.932348+00:00,MAURITIUS - SUPER LEAGUE - ROUND 12
SUPER_LEAGUE_YTHXPY0R,SUPER_LEAGUE,YThXPY0r,Nchanga Rangers,3,7.0,4.0,19.0,8.0,19.0,11.0,8.0,37.0,2026-02-26T16:21:43.49835+00:00,ZAMBIA - SUPER LEAGUE - ROUND 18
SUPER_LEAGUE_ZC5YSHB8,SUPER_LEAGUE,zc5yShB8,AS Vacoas,7,2.0,5.0,15.0,5.0,15.0,10.0,5.0,14.0,2026-02-26T15:45:50.932348+00:00,MAURITIUS - SUPER LEAGUE - ROUND 12
SUPER_LEAGUE_ZJBKZS8K,SUPER_LEAGUE,zJBkzs8k,Cercle De Joachim,3,2.0,3.0,21.0,9.0,21.0,12.0,9.0,20.0,2026-02-26T15:45:50.932348+00:00,MAURITIUS - SUPER LEAGUE - ROUND 12
UAE_LEAGUE_21AL1RQP,UAE_LEAGUE,21AL1RQp,Al Wahda,3,6.0,2.0,28.0,14.0,28.0,14.0,14.0,33.0,2026-02-26T16:02:58.820159+00:00,UNITED ARAB EMIRATES - UAE LEAGUE - ROUND 18
UAE_LEAGUE_2EHLABP4,UAE_LEAGUE,2eHlABP4,Dibba Al Fujairah,13,3.0,10.0,15.0,-16.0,15.0,31.0,-16.0,12.0,2026-02-26T16:02:58.820159+00:00,UNITED ARAB EMIRATES - UAE LEAGUE - ROUND 18
UAE_LEAGUE_40ZYZRBI,UAE_LEAGUE,40ZYZrBI,Al Nasr,7,7.0,5.0,21.0,-1.0,21.0,22.0,-1.0,22.0,2026-02-26T16:02:58.820159+00:00,UNITED ARAB EMIRATES - UAE LEAGUE - ROUND 18
UAE_LEAGUE_8RICZYNT,UAE_LEAGUE,8riCzYNT,Bani Yas,14,2.0,11.0,15.0,-15.0,15.0,30.0,-15.0,11.0,2026-02-26T16:02:58.820159+00:00,UNITED ARAB EMIRATES - UAE LEAGUE - ROUND 18
UAE_LEAGUE_ABF8FTQG,UAE_LEAGUE,ABf8Ftqg,Al Bataeh,12,4.0,10.0,17.0,-10.0,17.0,27.0,-10.0,13.0,2026-02-26T16:02:58.820159+00:00,UNITED ARAB EMIRATES - UAE LEAGUE - ROUND 18
UAE_LEAGUE_AWZVZPEC,UAE_LEAGUE,AwzVzPeC,Khorfakkan,9,4.0,8.0,24.0,-6.0,24.0,30.0,-6.0,19.0,2026-02-26T16:02:58.820159+00:00,UNITED ARAB EMIRATES - UAE LEAGUE - ROUND 18
UAE_LEAGUE_CTP7YORA,UAE_LEAGUE,CtP7yoRa,Ajman,6,2.0,9.0,19.0,-5.0,19.0,24.0,-5.0,23.0,2026-02-26T16:02:58.820159+00:00,UNITED ARAB EMIRATES - UAE LEAGUE - ROUND 18
UAE_LEAGUE_CXR74UPK,UAE_LEAGUE,CxR74upk,Ittihad Kalba,8,4.0,8.0,18.0,-9.0,18.0,27.0,-9.0,19.0,2026-02-26T16:02:58.820159+00:00,UNITED ARAB EMIRATES - UAE LEAGUE - ROUND 18
UAE_LEAGUE_EIQ5G3JL,UAE_LEAGUE,EiQ5g3JL,Shabab Al-Ahli Dubai,1,3.0,1.0,38.0,33.0,38.0,5.0,33.0,42.0,2026-02-26T16:02:58.820159+00:00,UNITED ARAB EMIRATES - UAE LEAGUE - ROUND 18
UAE_LEAGUE_OQUUCN3P,UAE_LEAGUE,OQuUcn3P,Al Wasl,4,6.0,3.0,21.0,5.0,21.0,16.0,5.0,30.0,2026-02-26T16:02:58.820159+00:00,UNITED ARAB EMIRATES - UAE LEAGUE - ROUND 18
UAE_LEAGUE_UX1EXRBG,UAE_LEAGUE,UX1exRBg,Al Ain,2,5.0,0.0,35.0,21.0,35.0,14.0,21.0,41.0,2026-02-26T16:02:58.820159+00:00,UNITED ARAB EMIRATES - UAE LEAGUE - ROUND 18
UAE_LEAGUE_WNYRY5T6,UAE_LEAGUE,WnyRy5t6,Al Dhafra,11,2.0,10.0,23.0,-13.0,23.0,36.0,-13.0,17.0,2026-02-26T16:02:58.820159+00:00,UNITED ARAB EMIRATES - UAE LEAGUE - ROUND 18
UAE_LEAGUE_WUREBBLH,UAE_LEAGUE,WUREBBlh,Al Jazira,5,4.0,5.0,23.0,7.0,23.0,16.0,7.0,28.0,2026-02-26T16:02:58.820159+00:00,UNITED ARAB EMIRATES - UAE LEAGUE - ROUND 18
UAE_LEAGUE_YQFKJ2T6,UAE_LEAGUE,YqFkJ2t6,Al Sharjah,10,2.0,9.0,22.0,-5.0,22.0,27.0,-5.0,17.0,2026-02-26T16:02:58.820159+00:00,UNITED ARAB EMIRATES - UAE LEAGUE - ROUND 18
